310;2019-12-29;2020-01-05;21768;3578,27;2171,2942;2171,2942;Calgary;Canada
310;2019-12-29;2020-01-05;21768;3578,27;2171,2942;2171,2942;Edmonton;Canada
310;2019-12-29;2020-01-05;21768;3578,27;2171,2942;2171,2942;Burnaby;Canada
310;2019-12-29;2020-01-05;21768;3578,27;2171,2942;2171,2942;Burnaby;Canada
310;2019-12-29;2020-01-05;21768;3578,27;2171,2942;2171,2942;Burnaby;Canada
310;2019-12-29;2020-01-05;21768;3578,27;2171,2942;2171,2942;Burnaby;Canada
310;2019-12-29;2020-01-05;21768;3578,27;2171,2942;2171,2942;Burnaby;Canada
310;2019-12-29;2020-01-05;21768;3578,27;2171,2942;2171,2942;Burnaby;Canada
310;2019-12-29;2020-01-05;21768;3578,27;2171,2942;2171,2942;Cliffside;Canada
310;2019-12-29;2020-01-05;21768;3578,27;2171,2942;2171,2942;Haney;Canada
310;2019-12-29;2020-01-05;21768;3578,27;2171,2942;2171,2942;Langford;Canada
310;2019-12-29;2020-01-05;21768;3578,27;2171,2942;2171,2942;Langley;Canada
310;2019-12-29;2020-01-05;21768;3578,27;2171,2942;2171,2942;Metchosin;Canada
310;2019-12-29;2020-01-05;21768;3578,27;2171,2942;2171,2942;N. Vancouver;Canada
310;2019-12-29;2020-01-05;21768;3578,27;2171,2942;2171,2942;Newton;Canada
310;2019-12-29;2020-01-05;21768;3578,27;2171,2942;2171,2942;Newton;Canada
310;2019-12-29;2020-01-05;21768;3578,27;2171,2942;2171,2942;Newton;Canada
310;2019-12-29;2020-01-05;21768;3578,27;2171,2942;2171,2942;Newton;Canada
310;2019-12-29;2020-01-05;21768;3578,27;2171,2942;2171,2942;Oak Bay;Canada
310;2019-12-29;2020-01-05;21768;3578,27;2171,2942;2171,2942;Port Hammond;Canada
310;2019-12-29;2020-01-05;21768;3578,27;2171,2942;2171,2942;Richmond;Canada
310;2019-12-29;2020-01-05;21768;3578,27;2171,2942;2171,2942;Royal Oak;Canada
310;2019-12-29;2020-01-05;21768;3578,27;2171,2942;2171,2942;Shawnee;Canada
310;2019-12-29;2020-01-05;21768;3578,27;2171,2942;2171,2942;Shawnee;Canada
310;2019-12-29;2020-01-05;21768;3578,27;2171,2942;2171,2942;Shawnee;Canada
310;2019-12-29;2020-01-05;21768;3578,27;2171,2942;2171,2942;Sooke;Canada
310;2019-12-29;2020-01-05;21768;3578,27;2171,2942;2171,2942;Surrey;Canada
310;2019-12-29;2020-01-05;21768;3578,27;2171,2942;2171,2942;Vancouver;Canada
310;2019-12-29;2020-01-05;21768;3578,27;2171,2942;2171,2942;Victoria;Canada
310;2019-12-29;2020-01-05;21768;3578,27;2171,2942;2171,2942;Westminster;Canada
310;2019-12-29;2020-01-05;21768;3578,27;2171,2942;2171,2942;Westminster;Canada
310;2019-12-29;2020-01-05;21768;3578,27;2171,2942;2171,2942;Winnipeg;Canada
310;2019-12-29;2020-01-05;21768;3578,27;2171,2942;2171,2942;Saint John;Canada
310;2019-12-29;2020-01-05;21768;3578,27;2171,2942;2171,2942;Aurora;Canada
310;2019-12-29;2020-01-05;21768;3578,27;2171,2942;2171,2942;Barrie;Canada
310;2019-12-29;2020-01-05;21768;3578,27;2171,2942;2171,2942;Brampton;Canada
310;2019-12-29;2020-01-05;21768;3578,27;2171,2942;2171,2942;Chalk Riber;Canada
310;2019-12-29;2020-01-05;21768;3578,27;2171,2942;2171,2942;Etobicoke;Canada
310;2019-12-29;2020-01-05;21768;3578,27;2171,2942;2171,2942;Kanata;Canada
310;2019-12-29;2020-01-05;21768;3578,27;2171,2942;2171,2942;Kingston;Canada
310;2019-12-29;2020-01-05;21768;3578,27;2171,2942;2171,2942;Markham;Canada
310;2019-12-29;2020-01-05;21768;3578,27;2171,2942;2171,2942;Mississauga;Canada
310;2019-12-29;2020-01-05;21768;3578,27;2171,2942;2171,2942;Mississauga;Canada
310;2019-12-29;2020-01-05;21768;3578,27;2171,2942;2171,2942;Mississauga;Canada
310;2019-12-29;2020-01-05;21768;3578,27;2171,2942;2171,2942;Nepean;Canada
310;2019-12-29;2020-01-05;21768;3578,27;2171,2942;2171,2942;North York;Canada
310;2019-12-29;2020-01-05;21768;3578,27;2171,2942;2171,2942;Ottawa;Canada
310;2019-12-29;2020-01-05;21768;3578,27;2171,2942;2171,2942;Ottawa;Canada
310;2019-12-29;2020-01-05;21768;3578,27;2171,2942;2171,2942;Ottawa;Canada
310;2019-12-29;2020-01-05;21768;3578,27;2171,2942;2171,2942;Ottawa;Canada
310;2019-12-29;2020-01-05;21768;3578,27;2171,2942;2171,2942;Richmond Hill;Canada
310;2019-12-29;2020-01-05;21768;3578,27;2171,2942;2171,2942;Scarborough;Canada
310;2019-12-29;2020-01-05;21768;3578,27;2171,2942;2171,2942;Toronto;Canada
310;2019-12-29;2020-01-05;21768;3578,27;2171,2942;2171,2942;Toronto;Canada
310;2019-12-29;2020-01-05;21768;3578,27;2171,2942;2171,2942;Toronto;Canada
310;2019-12-29;2020-01-05;21768;3578,27;2171,2942;2171,2942;Toronto;Canada
310;2019-12-29;2020-01-05;21768;3578,27;2171,2942;2171,2942;Vancouver;Canada
310;2019-12-29;2020-01-05;21768;3578,27;2171,2942;2171,2942;Waterloo;Canada
310;2019-12-29;2020-01-05;21768;3578,27;2171,2942;2171,2942;Weston;Canada
310;2019-12-29;2020-01-05;21768;3578,27;2171,2942;2171,2942;Brossard;Canada
310;2019-12-29;2020-01-05;21768;3578,27;2171,2942;2171,2942;Brossard;Canada
310;2019-12-29;2020-01-05;21768;3578,27;2171,2942;2171,2942;Dorval;Canada
310;2019-12-29;2020-01-05;21768;3578,27;2171,2942;2171,2942;Hull;Canada
310;2019-12-29;2020-01-05;21768;3578,27;2171,2942;2171,2942;Montreal;Canada
310;2019-12-29;2020-01-05;21768;3578,27;2171,2942;2171,2942;Montreal;Canada
310;2019-12-29;2020-01-05;21768;3578,27;2171,2942;2171,2942;Montreal;Canada
310;2019-12-29;2020-01-05;21768;3578,27;2171,2942;2171,2942;Montreal;Canada
310;2019-12-29;2020-01-05;21768;3578,27;2171,2942;2171,2942;Outremont;Canada
310;2019-12-29;2020-01-05;21768;3578,27;2171,2942;2171,2942;Pnot-Rouge;Canada
310;2019-12-29;2020-01-05;21768;3578,27;2171,2942;2171,2942;Quebec;Canada
310;2019-12-29;2020-01-05;21768;3578,27;2171,2942;2171,2942;Sainte-Foy;Canada
310;2019-12-29;2020-01-05;21768;3578,27;2171,2942;2171,2942;Sillery;Canada
310;2019-12-29;2020-01-05;21768;3578,27;2171,2942;2171,2942;Ville De'anjou;Canada
346;2019-12-29;2020-01-05;28389;3399,99;1912,1544;1912,1544;Saint Ouen;France
346;2019-12-29;2020-01-05;28389;3399,99;1912,1544;1912,1544;Colomiers;France
346;2019-12-29;2020-01-05;28389;3399,99;1912,1544;1912,1544;Aujan Mournede;France
346;2019-12-29;2020-01-05;28389;3399,99;1912,1544;1912,1544;Saint Ouen;France
346;2019-12-29;2020-01-05;28389;3399,99;1912,1544;1912,1544;Orleans;France
346;2019-12-29;2020-01-05;28389;3399,99;1912,1544;1912,1544;Metz;France
346;2019-12-29;2020-01-05;28389;3399,99;1912,1544;1912,1544;Croix;France
346;2019-12-29;2020-01-05;28389;3399,99;1912,1544;1912,1544;Dunkerque;France
346;2019-12-29;2020-01-05;28389;3399,99;1912,1544;1912,1544;Lille;France
346;2019-12-29;2020-01-05;28389;3399,99;1912,1544;1912,1544;Roncq;France
346;2019-12-29;2020-01-05;28389;3399,99;1912,1544;1912,1544;Roubaix;France
346;2019-12-29;2020-01-05;28389;3399,99;1912,1544;1912,1544;Villeneuve-d'Ascq;France
346;2019-12-29;2020-01-05;28389;3399,99;1912,1544;1912,1544;Boulogne-sur-Mer;France
346;2019-12-29;2020-01-05;28389;3399,99;1912,1544;1912,1544;Paris;France
346;2019-12-29;2020-01-05;28389;3399,99;1912,1544;1912,1544;Paris;France
346;2019-12-29;2020-01-05;28389;3399,99;1912,1544;1912,1544;Paris;France
346;2019-12-29;2020-01-05;28389;3399,99;1912,1544;1912,1544;Paris;France
346;2019-12-29;2020-01-05;28389;3399,99;1912,1544;1912,1544;Paris;France
346;2019-12-29;2020-01-05;28389;3399,99;1912,1544;1912,1544;Paris;France
346;2019-12-29;2020-01-05;28389;3399,99;1912,1544;1912,1544;Paris;France
346;2019-12-29;2020-01-05;28389;3399,99;1912,1544;1912,1544;Paris;France
346;2019-12-29;2020-01-05;28389;3399,99;1912,1544;1912,1544;Paris;France
346;2019-12-29;2020-01-05;28389;3399,99;1912,1544;1912,1544;Paris;France
346;2019-12-29;2020-01-05;28389;3399,99;1912,1544;1912,1544;Paris;France
346;2019-12-29;2020-01-05;28389;3399,99;1912,1544;1912,1544;Paris;France
346;2019-12-29;2020-01-05;28389;3399,99;1912,1544;1912,1544;Paris;France
346;2019-12-29;2020-01-05;28389;3399,99;1912,1544;1912,1544;Lieusaint;France
346;2019-12-29;2020-01-05;28389;3399,99;1912,1544;1912,1544;Roissy en Brie;France
346;2019-12-29;2020-01-05;28389;3399,99;1912,1544;1912,1544;Chatou;France
346;2019-12-29;2020-01-05;28389;3399,99;1912,1544;1912,1544;Saint Germain en Laye;France
346;2019-12-29;2020-01-05;28389;3399,99;1912,1544;1912,1544;Versailles;France
346;2019-12-29;2020-01-05;28389;3399,99;1912,1544;1912,1544;Saint Ouen;France
346;2019-12-29;2020-01-05;28389;3399,99;1912,1544;1912,1544;Les Ulis;France
346;2019-12-29;2020-01-05;28389;3399,99;1912,1544;1912,1544;Morangis;France
346;2019-12-29;2020-01-05;28389;3399,99;1912,1544;1912,1544;Verrieres Le Buisson;France
346;2019-12-29;2020-01-05;28389;3399,99;1912,1544;1912,1544;Boulogne-Billancourt;France
346;2019-12-29;2020-01-05;28389;3399,99;1912,1544;1912,1544;Colombes;France
346;2019-12-29;2020-01-05;28389;3399,99;1912,1544;1912,1544;Courbevoie;France
346;2019-12-29;2020-01-05;28389;3399,99;1912,1544;1912,1544;Paris La Defense;France
346;2019-12-29;2020-01-05;28389;3399,99;1912,1544;1912,1544;Sèvres;France
346;2019-12-29;2020-01-05;28389;3399,99;1912,1544;1912,1544;Suresnes;France
346;2019-12-29;2020-01-05;28389;3399,99;1912,1544;1912,1544;Bobigny;France
346;2019-12-29;2020-01-05;28389;3399,99;1912,1544;1912,1544;Drancy;France
346;2019-12-29;2020-01-05;28389;3399,99;1912,1544;1912,1544;Pantin;France
346;2019-12-29;2020-01-05;28389;3399,99;1912,1544;1912,1544;Saint-Denis;France
346;2019-12-29;2020-01-05;28389;3399,99;1912,1544;1912,1544;Tremblay-en-France;France
346;2019-12-29;2020-01-05;28389;3399,99;1912,1544;1912,1544;Orly;France
346;2019-12-29;2020-01-05;28389;3399,99;1912,1544;1912,1544;Cergy;France
346;2019-12-29;2020-01-05;25863;3399,99;1912,1544;1912,1544;Idaho Falls;United States
346;2019-12-29;2020-01-05;25863;3399,99;1912,1544;1912,1544;Lewiston;United States
346;2019-12-29;2020-01-05;25863;3399,99;1912,1544;1912,1544;Sandpoint;United States
346;2019-12-29;2020-01-05;25863;3399,99;1912,1544;1912,1544;Billings;United States
346;2019-12-29;2020-01-05;25863;3399,99;1912,1544;1912,1544;Great Falls;United States
346;2019-12-29;2020-01-05;25863;3399,99;1912,1544;1912,1544;Missoula;United States
346;2019-12-29;2020-01-05;25863;3399,99;1912,1544;1912,1544;Fernley;United States
346;2019-12-29;2020-01-05;25863;3399,99;1912,1544;1912,1544;Las Vegas;United States
346;2019-12-29;2020-01-05;25863;3399,99;1912,1544;1912,1544;North Las Vegas;United States
346;2019-12-29;2020-01-05;25863;3399,99;1912,1544;1912,1544;Reno;United States
346;2019-12-29;2020-01-05;25863;3399,99;1912,1544;1912,1544;Sparks;United States
346;2019-12-29;2020-01-05;25863;3399,99;1912,1544;1912,1544;Albany;United States
346;2019-12-29;2020-01-05;25863;3399,99;1912,1544;1912,1544;Beaverton;United States
346;2019-12-29;2020-01-05;25863;3399,99;1912,1544;1912,1544;Clackamas;United States
346;2019-12-29;2020-01-05;25863;3399,99;1912,1544;1912,1544;Clackamas;United States
346;2019-12-29;2020-01-05;25863;3399,99;1912,1544;1912,1544;Corvallis;United States
346;2019-12-29;2020-01-05;25863;3399,99;1912,1544;1912,1544;Hillsboro;United States
346;2019-12-29;2020-01-05;25863;3399,99;1912,1544;1912,1544;Klamath Falls;United States
346;2019-12-29;2020-01-05;25863;3399,99;1912,1544;1912,1544;Lake Oswego;United States
346;2019-12-29;2020-01-05;25863;3399,99;1912,1544;1912,1544;Lebanon;United States
346;2019-12-29;2020-01-05;25863;3399,99;1912,1544;1912,1544;Medford;United States
346;2019-12-29;2020-01-05;25863;3399,99;1912,1544;1912,1544;Milwaukie;United States
346;2019-12-29;2020-01-05;25863;3399,99;1912,1544;1912,1544;Oregon City;United States
346;2019-12-29;2020-01-05;25863;3399,99;1912,1544;1912,1544;Portland;United States
346;2019-12-29;2020-01-05;25863;3399,99;1912,1544;1912,1544;Salem;United States
346;2019-12-29;2020-01-05;25863;3399,99;1912,1544;1912,1544;Springfield;United States
346;2019-12-29;2020-01-05;25863;3399,99;1912,1544;1912,1544;Tigard;United States
346;2019-12-29;2020-01-05;25863;3399,99;1912,1544;1912,1544;Troutdale;United States
346;2019-12-29;2020-01-05;25863;3399,99;1912,1544;1912,1544;W. Linn;United States
346;2019-12-29;2020-01-05;25863;3399,99;1912,1544;1912,1544;Woodburn;United States
346;2019-12-29;2020-01-05;25863;3399,99;1912,1544;1912,1544;Bountiful;United States
346;2019-12-29;2020-01-05;25863;3399,99;1912,1544;1912,1544;Cedar City;United States
346;2019-12-29;2020-01-05;25863;3399,99;1912,1544;1912,1544;Ogden;United States
346;2019-12-29;2020-01-05;25863;3399,99;1912,1544;1912,1544;Park City;United States
346;2019-12-29;2020-01-05;25863;3399,99;1912,1544;1912,1544;Riverton;United States
346;2019-12-29;2020-01-05;25863;3399,99;1912,1544;1912,1544;Salt Lake City;United States
346;2019-12-29;2020-01-05;25863;3399,99;1912,1544;1912,1544;Sandy;United States
346;2019-12-29;2020-01-05;25863;3399,99;1912,1544;1912,1544;Tooele;United States
346;2019-12-29;2020-01-05;25863;3399,99;1912,1544;1912,1544;Ballard;United States
346;2019-12-29;2020-01-05;25863;3399,99;1912,1544;1912,1544;Bellevue;United States
346;2019-12-29;2020-01-05;25863;3399,99;1912,1544;1912,1544;Bellingham;United States
346;2019-12-29;2020-01-05;25863;3399,99;1912,1544;1912,1544;Bothell;United States
346;2019-12-29;2020-01-05;25863;3399,99;1912,1544;1912,1544;Bremerton;United States
346;2019-12-29;2020-01-05;25863;3399,99;1912,1544;1912,1544;Burien;United States
346;2019-12-29;2020-01-05;25863;3399,99;1912,1544;1912,1544;Chehalis;United States
346;2019-12-29;2020-01-05;25863;3399,99;1912,1544;1912,1544;Edmonds;United States
346;2019-12-29;2020-01-05;25863;3399,99;1912,1544;1912,1544;Ellensburg;United States
346;2019-12-29;2020-01-05;25863;3399,99;1912,1544;1912,1544;Everett;United States
346;2019-12-29;2020-01-05;25863;3399,99;1912,1544;1912,1544;Federal Way;United States
346;2019-12-29;2020-01-05;25863;3399,99;1912,1544;1912,1544;Issaquah;United States
346;2019-12-29;2020-01-05;25863;3399,99;1912,1544;1912,1544;Kelso;United States
346;2019-12-29;2020-01-05;25863;3399,99;1912,1544;1912,1544;Kenmore;United States
346;2019-12-29;2020-01-05;25863;3399,99;1912,1544;1912,1544;Kennewick;United States
346;2019-12-29;2020-01-05;25863;3399,99;1912,1544;1912,1544;Kent;United States
346;2019-12-29;2020-01-05;25863;3399,99;1912,1544;1912,1544;Kirkland;United States
346;2019-12-29;2020-01-05;25863;3399,99;1912,1544;1912,1544;Lacey;United States
346;2019-12-29;2020-01-05;25863;3399,99;1912,1544;1912,1544;Longview;United States
346;2019-12-29;2020-01-05;25863;3399,99;1912,1544;1912,1544;Lynnwood;United States
346;2019-12-29;2020-01-05;25863;3399,99;1912,1544;1912,1544;Marysville;United States
346;2019-12-29;2020-01-05;25863;3399,99;1912,1544;1912,1544;Monroe;United States
346;2019-12-29;2020-01-05;25863;3399,99;1912,1544;1912,1544;Newport Hills;United States
346;2019-12-29;2020-01-05;25863;3399,99;1912,1544;1912,1544;North Bend;United States
346;2019-12-29;2020-01-05;25863;3399,99;1912,1544;1912,1544;Olympia;United States
346;2019-12-29;2020-01-05;25863;3399,99;1912,1544;1912,1544;Port Orchard;United States
346;2019-12-29;2020-01-05;25863;3399,99;1912,1544;1912,1544;Puyallup;United States
346;2019-12-29;2020-01-05;25863;3399,99;1912,1544;1912,1544;Redmond;United States
346;2019-12-29;2020-01-05;25863;3399,99;1912,1544;1912,1544;Renton;United States
346;2019-12-29;2020-01-05;25863;3399,99;1912,1544;1912,1544;Sammamish;United States
346;2019-12-29;2020-01-05;25863;3399,99;1912,1544;1912,1544;Seattle;United States
346;2019-12-29;2020-01-05;25863;3399,99;1912,1544;1912,1544;Sedro Woolley;United States
346;2019-12-29;2020-01-05;25863;3399,99;1912,1544;1912,1544;Sequim;United States
346;2019-12-29;2020-01-05;25863;3399,99;1912,1544;1912,1544;Shelton;United States
346;2019-12-29;2020-01-05;25863;3399,99;1912,1544;1912,1544;Spokane;United States
346;2019-12-29;2020-01-05;25863;3399,99;1912,1544;1912,1544;Tacoma;United States
346;2019-12-29;2020-01-05;25863;3399,99;1912,1544;1912,1544;Union Gap;United States
346;2019-12-29;2020-01-05;25863;3399,99;1912,1544;1912,1544;Walla Walla;United States
346;2019-12-29;2020-01-05;25863;3399,99;1912,1544;1912,1544;Washougal;United States
346;2019-12-29;2020-01-05;25863;3399,99;1912,1544;1912,1544;Wenatchee;United States
346;2019-12-29;2020-01-05;25863;3399,99;1912,1544;1912,1544;Woodinville;United States
346;2019-12-29;2020-01-05;25863;3399,99;1912,1544;1912,1544;Yakima;United States
346;2019-12-29;2020-01-05;25863;3399,99;1912,1544;1912,1544;Casper;United States
346;2019-12-29;2020-01-05;25863;3399,99;1912,1544;1912,1544;Cheyenne;United States
346;2019-12-29;2020-01-05;25863;3399,99;1912,1544;1912,1544;Rock Springs;United States
336;2019-12-29;2020-01-05;14501;699,0982;413,1463;413,1463;Chandler;United States
336;2019-12-29;2020-01-05;14501;699,0982;413,1463;413,1463;Gilbert;United States
336;2019-12-29;2020-01-05;14501;699,0982;413,1463;413,1463;Mesa;United States
336;2019-12-29;2020-01-05;14501;699,0982;413,1463;413,1463;Phoenix;United States
336;2019-12-29;2020-01-05;14501;699,0982;413,1463;413,1463;Scottsdale;United States
336;2019-12-29;2020-01-05;14501;699,0982;413,1463;413,1463;Surprise;United States
336;2019-12-29;2020-01-05;14501;699,0982;413,1463;413,1463;Tucson;United States
336;2019-12-29;2020-01-05;14501;699,0982;413,1463;413,1463;Alhambra;United States
336;2019-12-29;2020-01-05;14501;699,0982;413,1463;413,1463;Alpine;United States
336;2019-12-29;2020-01-05;14501;699,0982;413,1463;413,1463;Auburn;United States
336;2019-12-29;2020-01-05;14501;699,0982;413,1463;413,1463;Baldwin Park;United States
336;2019-12-29;2020-01-05;14501;699,0982;413,1463;413,1463;Barstow;United States
336;2019-12-29;2020-01-05;14501;699,0982;413,1463;413,1463;Bell Gardens;United States
336;2019-12-29;2020-01-05;14501;699,0982;413,1463;413,1463;Bellflower;United States
336;2019-12-29;2020-01-05;14501;699,0982;413,1463;413,1463;Berkeley;United States
336;2019-12-29;2020-01-05;14501;699,0982;413,1463;413,1463;Beverly Hills;United States
336;2019-12-29;2020-01-05;14501;699,0982;413,1463;413,1463;Burbank;United States
336;2019-12-29;2020-01-05;14501;699,0982;413,1463;413,1463;Burlingame;United States
336;2019-12-29;2020-01-05;14501;699,0982;413,1463;413,1463;Camarillo;United States
336;2019-12-29;2020-01-05;14501;699,0982;413,1463;413,1463;Canoga Park;United States
336;2019-12-29;2020-01-05;14501;699,0982;413,1463;413,1463;Carson;United States
336;2019-12-29;2020-01-05;14501;699,0982;413,1463;413,1463;Cerritos;United States
336;2019-12-29;2020-01-05;14501;699,0982;413,1463;413,1463;Chula Vista;United States
336;2019-12-29;2020-01-05;14501;699,0982;413,1463;413,1463;Citrus Heights;United States
336;2019-12-29;2020-01-05;14501;699,0982;413,1463;413,1463;City Of Commerce;United States
336;2019-12-29;2020-01-05;14501;699,0982;413,1463;413,1463;Colma;United States
336;2019-12-29;2020-01-05;14501;699,0982;413,1463;413,1463;Concord;United States
336;2019-12-29;2020-01-05;14501;699,0982;413,1463;413,1463;Coronado;United States
336;2019-12-29;2020-01-05;14501;699,0982;413,1463;413,1463;Culver City;United States
336;2019-12-29;2020-01-05;14501;699,0982;413,1463;413,1463;Daly City;United States
336;2019-12-29;2020-01-05;14501;699,0982;413,1463;413,1463;Downey;United States
336;2019-12-29;2020-01-05;14501;699,0982;413,1463;413,1463;El Cajon;United States
336;2019-12-29;2020-01-05;14501;699,0982;413,1463;413,1463;El Segundo;United States
336;2019-12-29;2020-01-05;14501;699,0982;413,1463;413,1463;Elk Grove;United States
336;2019-12-29;2020-01-05;14501;699,0982;413,1463;413,1463;Escondido;United States
336;2019-12-29;2020-01-05;14501;699,0982;413,1463;413,1463;Eureka;United States
336;2019-12-29;2020-01-05;14501;699,0982;413,1463;413,1463;Fontana;United States
336;2019-12-29;2020-01-05;14501;699,0982;413,1463;413,1463;Fremont;United States
336;2019-12-29;2020-01-05;14501;699,0982;413,1463;413,1463;Fullerton;United States
336;2019-12-29;2020-01-05;14501;699,0982;413,1463;413,1463;Gilroy;United States
336;2019-12-29;2020-01-05;14501;699,0982;413,1463;413,1463;Glendale;United States
336;2019-12-29;2020-01-05;14501;699,0982;413,1463;413,1463;Grossmont;United States
336;2019-12-29;2020-01-05;14501;699,0982;413,1463;413,1463;Hanford;United States
336;2019-12-29;2020-01-05;14501;699,0982;413,1463;413,1463;Hayward;United States
336;2019-12-29;2020-01-05;14501;699,0982;413,1463;413,1463;Imperial Beach;United States
336;2019-12-29;2020-01-05;14501;699,0982;413,1463;413,1463;Irvine;United States
336;2019-12-29;2020-01-05;14501;699,0982;413,1463;413,1463;La Jolla;United States
336;2019-12-29;2020-01-05;14501;699,0982;413,1463;413,1463;La Mesa;United States
336;2019-12-29;2020-01-05;14501;699,0982;413,1463;413,1463;Lake Elsinore;United States
336;2019-12-29;2020-01-05;14501;699,0982;413,1463;413,1463;Lakewood;United States
336;2019-12-29;2020-01-05;14501;699,0982;413,1463;413,1463;Lemon Grove;United States
336;2019-12-29;2020-01-05;14501;699,0982;413,1463;413,1463;Lincoln Acres;United States
336;2019-12-29;2020-01-05;14501;699,0982;413,1463;413,1463;Long Beach;United States
336;2019-12-29;2020-01-05;14501;699,0982;413,1463;413,1463;Los Angeles;United States
336;2019-12-29;2020-01-05;14501;699,0982;413,1463;413,1463;Mill Valley;United States
336;2019-12-29;2020-01-05;14501;699,0982;413,1463;413,1463;Milpitas;United States
336;2019-12-29;2020-01-05;14501;699,0982;413,1463;413,1463;Modesto;United States
336;2019-12-29;2020-01-05;14501;699,0982;413,1463;413,1463;Monrovia;United States
336;2019-12-29;2020-01-05;14501;699,0982;413,1463;413,1463;National City;United States
336;2019-12-29;2020-01-05;14501;699,0982;413,1463;413,1463;Newark;United States
336;2019-12-29;2020-01-05;14501;699,0982;413,1463;413,1463;Newport Beach;United States
336;2019-12-29;2020-01-05;14501;699,0982;413,1463;413,1463;Norwalk;United States
336;2019-12-29;2020-01-05;14501;699,0982;413,1463;413,1463;Novato;United States
336;2019-12-29;2020-01-05;14501;699,0982;413,1463;413,1463;Oakland;United States
336;2019-12-29;2020-01-05;14501;699,0982;413,1463;413,1463;Ontario;United States
336;2019-12-29;2020-01-05;14501;699,0982;413,1463;413,1463;Orange;United States
336;2019-12-29;2020-01-05;14501;699,0982;413,1463;413,1463;Oxnard;United States
336;2019-12-29;2020-01-05;14501;699,0982;413,1463;413,1463;Palo Alto;United States
336;2019-12-29;2020-01-05;14501;699,0982;413,1463;413,1463;Pleasanton;United States
336;2019-12-29;2020-01-05;14501;699,0982;413,1463;413,1463;Redlands;United States
336;2019-12-29;2020-01-05;14501;699,0982;413,1463;413,1463;Redwood City;United States
336;2019-12-29;2020-01-05;14501;699,0982;413,1463;413,1463;Sacramento;United States
336;2019-12-29;2020-01-05;14501;699,0982;413,1463;413,1463;San Bruno;United States
336;2019-12-29;2020-01-05;14501;699,0982;413,1463;413,1463;San Carlos;United States
336;2019-12-29;2020-01-05;14501;699,0982;413,1463;413,1463;San Diego;United States
336;2019-12-29;2020-01-05;14501;699,0982;413,1463;413,1463;San Francisco;United States
336;2019-12-29;2020-01-05;14501;699,0982;413,1463;413,1463;San Gabriel;United States
336;2019-12-29;2020-01-05;14501;699,0982;413,1463;413,1463;San Jose;United States
336;2019-12-29;2020-01-05;14501;699,0982;413,1463;413,1463;San Mateo;United States
336;2019-12-29;2020-01-05;14501;699,0982;413,1463;413,1463;San Ramon;United States
336;2019-12-29;2020-01-05;14501;699,0982;413,1463;413,1463;San Ysidro;United States
336;2019-12-29;2020-01-05;14501;699,0982;413,1463;413,1463;Sand City;United States
336;2019-12-29;2020-01-05;14501;699,0982;413,1463;413,1463;Santa Ana;United States
336;2019-12-29;2020-01-05;14501;699,0982;413,1463;413,1463;Santa Cruz;United States
336;2019-12-29;2020-01-05;14501;699,0982;413,1463;413,1463;Santa Monica;United States
336;2019-12-29;2020-01-05;14501;699,0982;413,1463;413,1463;Sherman Oaks;United States
336;2019-12-29;2020-01-05;14501;699,0982;413,1463;413,1463;Simi Valley;United States
336;2019-12-29;2020-01-05;14501;699,0982;413,1463;413,1463;Spring Valley;United States
336;2019-12-29;2020-01-05;14501;699,0982;413,1463;413,1463;Stockton;United States
336;2019-12-29;2020-01-05;14501;699,0982;413,1463;413,1463;Torrance;United States
336;2019-12-29;2020-01-05;14501;699,0982;413,1463;413,1463;Trabuco Canyon;United States
336;2019-12-29;2020-01-05;14501;699,0982;413,1463;413,1463;Union City;United States
336;2019-12-29;2020-01-05;14501;699,0982;413,1463;413,1463;Upland;United States
336;2019-12-29;2020-01-05;14501;699,0982;413,1463;413,1463;Vacaville;United States
336;2019-12-29;2020-01-05;14501;699,0982;413,1463;413,1463;Van Nuys;United States
336;2019-12-29;2020-01-05;14501;699,0982;413,1463;413,1463;Visalia;United States
336;2019-12-29;2020-01-05;14501;699,0982;413,1463;413,1463;Vista;United States
336;2019-12-29;2020-01-05;14501;699,0982;413,1463;413,1463;Walnut Creek;United States
336;2019-12-29;2020-01-05;14501;699,0982;413,1463;413,1463;West Covina;United States
336;2019-12-29;2020-01-05;14501;699,0982;413,1463;413,1463;Whittier;United States
336;2019-12-29;2020-01-05;14501;699,0982;413,1463;413,1463;Woodland Hills;United States
336;2019-12-29;2020-01-05;14501;699,0982;413,1463;413,1463;Las Cruces;United States
336;2019-12-29;2020-01-05;14501;699,0982;413,1463;413,1463;Rio Rancho;United States
336;2019-12-29;2020-01-05;14501;699,0982;413,1463;413,1463;Santa Fe;United States
336;2019-12-29;2020-01-05;14501;699,0982;413,1463;413,1463;Arlington;United States
336;2019-12-29;2020-01-05;14501;699,0982;413,1463;413,1463;Austin;United States
336;2019-12-29;2020-01-05;14501;699,0982;413,1463;413,1463;Baytown;United States
336;2019-12-29;2020-01-05;14501;699,0982;413,1463;413,1463;Carrollton;United States
336;2019-12-29;2020-01-05;14501;699,0982;413,1463;413,1463;Cedar Park;United States
336;2019-12-29;2020-01-05;14501;699,0982;413,1463;413,1463;College Station;United States
336;2019-12-29;2020-01-05;14501;699,0982;413,1463;413,1463;Corpus Christi;United States
336;2019-12-29;2020-01-05;14501;699,0982;413,1463;413,1463;Dallas;United States
336;2019-12-29;2020-01-05;14501;699,0982;413,1463;413,1463;Fort Worth;United States
336;2019-12-29;2020-01-05;14501;699,0982;413,1463;413,1463;Garland;United States
336;2019-12-29;2020-01-05;14501;699,0982;413,1463;413,1463;Hillsboro;United States
336;2019-12-29;2020-01-05;14501;699,0982;413,1463;413,1463;Houston;United States
336;2019-12-29;2020-01-05;14501;699,0982;413,1463;413,1463;Humble;United States
336;2019-12-29;2020-01-05;14501;699,0982;413,1463;413,1463;Irving;United States
336;2019-12-29;2020-01-05;14501;699,0982;413,1463;413,1463;Killeen;United States
336;2019-12-29;2020-01-05;14501;699,0982;413,1463;413,1463;La Marque;United States
336;2019-12-29;2020-01-05;14501;699,0982;413,1463;413,1463;Laredo;United States
336;2019-12-29;2020-01-05;14501;699,0982;413,1463;413,1463;Mesquite;United States
336;2019-12-29;2020-01-05;14501;699,0982;413,1463;413,1463;Plano;United States
336;2019-12-29;2020-01-05;14501;699,0982;413,1463;413,1463;Round Rock;United States
336;2019-12-29;2020-01-05;14501;699,0982;413,1463;413,1463;San Antonio;United States
336;2019-12-29;2020-01-05;14501;699,0982;413,1463;413,1463;Stafford;United States
336;2019-12-29;2020-01-05;14501;699,0982;413,1463;413,1463;Sugar Land;United States
346;2019-12-29;2020-01-05;11003;3399,99;1912,1544;1912,1544;Alexandria;Australia
346;2019-12-29;2020-01-05;11003;3399,99;1912,1544;1912,1544;Coffs Harbour;Australia
346;2019-12-29;2020-01-05;11003;3399,99;1912,1544;1912,1544;Darlinghurst;Australia
346;2019-12-29;2020-01-05;11003;3399,99;1912,1544;1912,1544;Goulburn;Australia
346;2019-12-29;2020-01-05;11003;3399,99;1912,1544;1912,1544;Lane Cove;Australia
346;2019-12-29;2020-01-05;11003;3399,99;1912,1544;1912,1544;Lavender Bay;Australia
346;2019-12-29;2020-01-05;11003;3399,99;1912,1544;1912,1544;Malabar;Australia
346;2019-12-29;2020-01-05;11003;3399,99;1912,1544;1912,1544;Matraville;Australia
346;2019-12-29;2020-01-05;11003;3399,99;1912,1544;1912,1544;Milsons Point;Australia
346;2019-12-29;2020-01-05;11003;3399,99;1912,1544;1912,1544;Newcastle;Australia
346;2019-12-29;2020-01-05;11003;3399,99;1912,1544;1912,1544;North Ryde;Australia
346;2019-12-29;2020-01-05;11003;3399,99;1912,1544;1912,1544;North Sydney;Australia
346;2019-12-29;2020-01-05;11003;3399,99;1912,1544;1912,1544;Port Macquarie;Australia
346;2019-12-29;2020-01-05;11003;3399,99;1912,1544;1912,1544;Rhodes;Australia
346;2019-12-29;2020-01-05;11003;3399,99;1912,1544;1912,1544;Silverwater;Australia
346;2019-12-29;2020-01-05;11003;3399,99;1912,1544;1912,1544;Springwood;Australia
346;2019-12-29;2020-01-05;11003;3399,99;1912,1544;1912,1544;St. Leonards;Australia
346;2019-12-29;2020-01-05;11003;3399,99;1912,1544;1912,1544;Sydney;Australia
346;2019-12-29;2020-01-05;11003;3399,99;1912,1544;1912,1544;Wollongong;Australia
346;2019-12-29;2020-01-05;11003;3399,99;1912,1544;1912,1544;Brisbane;Australia
346;2019-12-29;2020-01-05;11003;3399,99;1912,1544;1912,1544;Caloundra;Australia
346;2019-12-29;2020-01-05;11003;3399,99;1912,1544;1912,1544;East Brisbane;Australia
346;2019-12-29;2020-01-05;11003;3399,99;1912,1544;1912,1544;Gold Coast;Australia
346;2019-12-29;2020-01-05;11003;3399,99;1912,1544;1912,1544;Hawthorne;Australia
346;2019-12-29;2020-01-05;11003;3399,99;1912,1544;1912,1544;Hervey Bay;Australia
346;2019-12-29;2020-01-05;11003;3399,99;1912,1544;1912,1544;Rockhampton;Australia
346;2019-12-29;2020-01-05;11003;3399,99;1912,1544;1912,1544;Townsville;Australia
346;2019-12-29;2020-01-05;11003;3399,99;1912,1544;1912,1544;Cloverdale;Australia
346;2019-12-29;2020-01-05;11003;3399,99;1912,1544;1912,1544;Findon;Australia
346;2019-12-29;2020-01-05;11003;3399,99;1912,1544;1912,1544;Perth;Australia
346;2019-12-29;2020-01-05;11003;3399,99;1912,1544;1912,1544;Hobart;Australia
346;2019-12-29;2020-01-05;11003;3399,99;1912,1544;1912,1544;Bendigo;Australia
346;2019-12-29;2020-01-05;11003;3399,99;1912,1544;1912,1544;Cranbourne;Australia
346;2019-12-29;2020-01-05;11003;3399,99;1912,1544;1912,1544;Geelong;Australia
346;2019-12-29;2020-01-05;11003;3399,99;1912,1544;1912,1544;Melbourne;Australia
346;2019-12-29;2020-01-05;11003;3399,99;1912,1544;1912,1544;Melton;Australia
346;2019-12-29;2020-01-05;11003;3399,99;1912,1544;1912,1544;Seaford;Australia
346;2019-12-29;2020-01-05;11003;3399,99;1912,1544;1912,1544;South Melbourne;Australia
346;2019-12-29;2020-01-05;11003;3399,99;1912,1544;1912,1544;Sunbury;Australia
346;2019-12-29;2020-01-05;11003;3399,99;1912,1544;1912,1544;Warrnambool;Australia
311;2019-12-30;2020-01-06;27645;3578,27;2171,2942;2171,2942;Chandler;United States
311;2019-12-30;2020-01-06;27645;3578,27;2171,2942;2171,2942;Gilbert;United States
311;2019-12-30;2020-01-06;27645;3578,27;2171,2942;2171,2942;Mesa;United States
311;2019-12-30;2020-01-06;27645;3578,27;2171,2942;2171,2942;Phoenix;United States
311;2019-12-30;2020-01-06;27645;3578,27;2171,2942;2171,2942;Scottsdale;United States
311;2019-12-30;2020-01-06;27645;3578,27;2171,2942;2171,2942;Surprise;United States
311;2019-12-30;2020-01-06;27645;3578,27;2171,2942;2171,2942;Tucson;United States
311;2019-12-30;2020-01-06;27645;3578,27;2171,2942;2171,2942;Alhambra;United States
311;2019-12-30;2020-01-06;27645;3578,27;2171,2942;2171,2942;Alpine;United States
311;2019-12-30;2020-01-06;27645;3578,27;2171,2942;2171,2942;Auburn;United States
311;2019-12-30;2020-01-06;27645;3578,27;2171,2942;2171,2942;Baldwin Park;United States
311;2019-12-30;2020-01-06;27645;3578,27;2171,2942;2171,2942;Barstow;United States
311;2019-12-30;2020-01-06;27645;3578,27;2171,2942;2171,2942;Bell Gardens;United States
311;2019-12-30;2020-01-06;27645;3578,27;2171,2942;2171,2942;Bellflower;United States
311;2019-12-30;2020-01-06;27645;3578,27;2171,2942;2171,2942;Berkeley;United States
311;2019-12-30;2020-01-06;27645;3578,27;2171,2942;2171,2942;Beverly Hills;United States
311;2019-12-30;2020-01-06;27645;3578,27;2171,2942;2171,2942;Burbank;United States
311;2019-12-30;2020-01-06;27645;3578,27;2171,2942;2171,2942;Burlingame;United States
311;2019-12-30;2020-01-06;27645;3578,27;2171,2942;2171,2942;Camarillo;United States
311;2019-12-30;2020-01-06;27645;3578,27;2171,2942;2171,2942;Canoga Park;United States
311;2019-12-30;2020-01-06;27645;3578,27;2171,2942;2171,2942;Carson;United States
311;2019-12-30;2020-01-06;27645;3578,27;2171,2942;2171,2942;Cerritos;United States
311;2019-12-30;2020-01-06;27645;3578,27;2171,2942;2171,2942;Chula Vista;United States
311;2019-12-30;2020-01-06;27645;3578,27;2171,2942;2171,2942;Citrus Heights;United States
311;2019-12-30;2020-01-06;27645;3578,27;2171,2942;2171,2942;City Of Commerce;United States
311;2019-12-30;2020-01-06;27645;3578,27;2171,2942;2171,2942;Colma;United States
311;2019-12-30;2020-01-06;27645;3578,27;2171,2942;2171,2942;Concord;United States
311;2019-12-30;2020-01-06;27645;3578,27;2171,2942;2171,2942;Coronado;United States
311;2019-12-30;2020-01-06;27645;3578,27;2171,2942;2171,2942;Culver City;United States
311;2019-12-30;2020-01-06;27645;3578,27;2171,2942;2171,2942;Daly City;United States
311;2019-12-30;2020-01-06;27645;3578,27;2171,2942;2171,2942;Downey;United States
311;2019-12-30;2020-01-06;27645;3578,27;2171,2942;2171,2942;El Cajon;United States
311;2019-12-30;2020-01-06;27645;3578,27;2171,2942;2171,2942;El Segundo;United States
311;2019-12-30;2020-01-06;27645;3578,27;2171,2942;2171,2942;Elk Grove;United States
311;2019-12-30;2020-01-06;27645;3578,27;2171,2942;2171,2942;Escondido;United States
311;2019-12-30;2020-01-06;27645;3578,27;2171,2942;2171,2942;Eureka;United States
311;2019-12-30;2020-01-06;27645;3578,27;2171,2942;2171,2942;Fontana;United States
311;2019-12-30;2020-01-06;27645;3578,27;2171,2942;2171,2942;Fremont;United States
311;2019-12-30;2020-01-06;27645;3578,27;2171,2942;2171,2942;Fullerton;United States
311;2019-12-30;2020-01-06;27645;3578,27;2171,2942;2171,2942;Gilroy;United States
311;2019-12-30;2020-01-06;27645;3578,27;2171,2942;2171,2942;Glendale;United States
311;2019-12-30;2020-01-06;27645;3578,27;2171,2942;2171,2942;Grossmont;United States
311;2019-12-30;2020-01-06;27645;3578,27;2171,2942;2171,2942;Hanford;United States
311;2019-12-30;2020-01-06;27645;3578,27;2171,2942;2171,2942;Hayward;United States
311;2019-12-30;2020-01-06;27645;3578,27;2171,2942;2171,2942;Imperial Beach;United States
311;2019-12-30;2020-01-06;27645;3578,27;2171,2942;2171,2942;Irvine;United States
311;2019-12-30;2020-01-06;27645;3578,27;2171,2942;2171,2942;La Jolla;United States
311;2019-12-30;2020-01-06;27645;3578,27;2171,2942;2171,2942;La Mesa;United States
311;2019-12-30;2020-01-06;27645;3578,27;2171,2942;2171,2942;Lake Elsinore;United States
311;2019-12-30;2020-01-06;27645;3578,27;2171,2942;2171,2942;Lakewood;United States
311;2019-12-30;2020-01-06;27645;3578,27;2171,2942;2171,2942;Lemon Grove;United States
311;2019-12-30;2020-01-06;27645;3578,27;2171,2942;2171,2942;Lincoln Acres;United States
311;2019-12-30;2020-01-06;27645;3578,27;2171,2942;2171,2942;Long Beach;United States
311;2019-12-30;2020-01-06;27645;3578,27;2171,2942;2171,2942;Los Angeles;United States
311;2019-12-30;2020-01-06;27645;3578,27;2171,2942;2171,2942;Mill Valley;United States
311;2019-12-30;2020-01-06;27645;3578,27;2171,2942;2171,2942;Milpitas;United States
311;2019-12-30;2020-01-06;27645;3578,27;2171,2942;2171,2942;Modesto;United States
311;2019-12-30;2020-01-06;27645;3578,27;2171,2942;2171,2942;Monrovia;United States
311;2019-12-30;2020-01-06;27645;3578,27;2171,2942;2171,2942;National City;United States
311;2019-12-30;2020-01-06;27645;3578,27;2171,2942;2171,2942;Newark;United States
311;2019-12-30;2020-01-06;27645;3578,27;2171,2942;2171,2942;Newport Beach;United States
311;2019-12-30;2020-01-06;27645;3578,27;2171,2942;2171,2942;Norwalk;United States
311;2019-12-30;2020-01-06;27645;3578,27;2171,2942;2171,2942;Novato;United States
311;2019-12-30;2020-01-06;27645;3578,27;2171,2942;2171,2942;Oakland;United States
311;2019-12-30;2020-01-06;27645;3578,27;2171,2942;2171,2942;Ontario;United States
311;2019-12-30;2020-01-06;27645;3578,27;2171,2942;2171,2942;Orange;United States
311;2019-12-30;2020-01-06;27645;3578,27;2171,2942;2171,2942;Oxnard;United States
311;2019-12-30;2020-01-06;27645;3578,27;2171,2942;2171,2942;Palo Alto;United States
311;2019-12-30;2020-01-06;27645;3578,27;2171,2942;2171,2942;Pleasanton;United States
311;2019-12-30;2020-01-06;27645;3578,27;2171,2942;2171,2942;Redlands;United States
311;2019-12-30;2020-01-06;27645;3578,27;2171,2942;2171,2942;Redwood City;United States
311;2019-12-30;2020-01-06;27645;3578,27;2171,2942;2171,2942;Sacramento;United States
311;2019-12-30;2020-01-06;27645;3578,27;2171,2942;2171,2942;San Bruno;United States
311;2019-12-30;2020-01-06;27645;3578,27;2171,2942;2171,2942;San Carlos;United States
311;2019-12-30;2020-01-06;27645;3578,27;2171,2942;2171,2942;San Diego;United States
311;2019-12-30;2020-01-06;27645;3578,27;2171,2942;2171,2942;San Francisco;United States
311;2019-12-30;2020-01-06;27645;3578,27;2171,2942;2171,2942;San Gabriel;United States
311;2019-12-30;2020-01-06;27645;3578,27;2171,2942;2171,2942;San Jose;United States
311;2019-12-30;2020-01-06;27645;3578,27;2171,2942;2171,2942;San Mateo;United States
311;2019-12-30;2020-01-06;27645;3578,27;2171,2942;2171,2942;San Ramon;United States
311;2019-12-30;2020-01-06;27645;3578,27;2171,2942;2171,2942;San Ysidro;United States
311;2019-12-30;2020-01-06;27645;3578,27;2171,2942;2171,2942;Sand City;United States
311;2019-12-30;2020-01-06;27645;3578,27;2171,2942;2171,2942;Santa Ana;United States
311;2019-12-30;2020-01-06;27645;3578,27;2171,2942;2171,2942;Santa Cruz;United States
311;2019-12-30;2020-01-06;27645;3578,27;2171,2942;2171,2942;Santa Monica;United States
311;2019-12-30;2020-01-06;27645;3578,27;2171,2942;2171,2942;Sherman Oaks;United States
311;2019-12-30;2020-01-06;27645;3578,27;2171,2942;2171,2942;Simi Valley;United States
311;2019-12-30;2020-01-06;27645;3578,27;2171,2942;2171,2942;Spring Valley;United States
311;2019-12-30;2020-01-06;27645;3578,27;2171,2942;2171,2942;Stockton;United States
311;2019-12-30;2020-01-06;27645;3578,27;2171,2942;2171,2942;Torrance;United States
311;2019-12-30;2020-01-06;27645;3578,27;2171,2942;2171,2942;Trabuco Canyon;United States
311;2019-12-30;2020-01-06;27645;3578,27;2171,2942;2171,2942;Union City;United States
311;2019-12-30;2020-01-06;27645;3578,27;2171,2942;2171,2942;Upland;United States
311;2019-12-30;2020-01-06;27645;3578,27;2171,2942;2171,2942;Vacaville;United States
311;2019-12-30;2020-01-06;27645;3578,27;2171,2942;2171,2942;Van Nuys;United States
311;2019-12-30;2020-01-06;27645;3578,27;2171,2942;2171,2942;Visalia;United States
311;2019-12-30;2020-01-06;27645;3578,27;2171,2942;2171,2942;Vista;United States
311;2019-12-30;2020-01-06;27645;3578,27;2171,2942;2171,2942;Walnut Creek;United States
311;2019-12-30;2020-01-06;27645;3578,27;2171,2942;2171,2942;West Covina;United States
311;2019-12-30;2020-01-06;27645;3578,27;2171,2942;2171,2942;Whittier;United States
311;2019-12-30;2020-01-06;27645;3578,27;2171,2942;2171,2942;Woodland Hills;United States
311;2019-12-30;2020-01-06;27645;3578,27;2171,2942;2171,2942;Las Cruces;United States
311;2019-12-30;2020-01-06;27645;3578,27;2171,2942;2171,2942;Rio Rancho;United States
311;2019-12-30;2020-01-06;27645;3578,27;2171,2942;2171,2942;Santa Fe;United States
311;2019-12-30;2020-01-06;27645;3578,27;2171,2942;2171,2942;Arlington;United States
311;2019-12-30;2020-01-06;27645;3578,27;2171,2942;2171,2942;Austin;United States
311;2019-12-30;2020-01-06;27645;3578,27;2171,2942;2171,2942;Baytown;United States
311;2019-12-30;2020-01-06;27645;3578,27;2171,2942;2171,2942;Carrollton;United States
311;2019-12-30;2020-01-06;27645;3578,27;2171,2942;2171,2942;Cedar Park;United States
311;2019-12-30;2020-01-06;27645;3578,27;2171,2942;2171,2942;College Station;United States
311;2019-12-30;2020-01-06;27645;3578,27;2171,2942;2171,2942;Corpus Christi;United States
311;2019-12-30;2020-01-06;27645;3578,27;2171,2942;2171,2942;Dallas;United States
311;2019-12-30;2020-01-06;27645;3578,27;2171,2942;2171,2942;Fort Worth;United States
311;2019-12-30;2020-01-06;27645;3578,27;2171,2942;2171,2942;Garland;United States
311;2019-12-30;2020-01-06;27645;3578,27;2171,2942;2171,2942;Hillsboro;United States
311;2019-12-30;2020-01-06;27645;3578,27;2171,2942;2171,2942;Houston;United States
311;2019-12-30;2020-01-06;27645;3578,27;2171,2942;2171,2942;Humble;United States
311;2019-12-30;2020-01-06;27645;3578,27;2171,2942;2171,2942;Irving;United States
311;2019-12-30;2020-01-06;27645;3578,27;2171,2942;2171,2942;Killeen;United States
311;2019-12-30;2020-01-06;27645;3578,27;2171,2942;2171,2942;La Marque;United States
311;2019-12-30;2020-01-06;27645;3578,27;2171,2942;2171,2942;Laredo;United States
311;2019-12-30;2020-01-06;27645;3578,27;2171,2942;2171,2942;Mesquite;United States
311;2019-12-30;2020-01-06;27645;3578,27;2171,2942;2171,2942;Plano;United States
311;2019-12-30;2020-01-06;27645;3578,27;2171,2942;2171,2942;Round Rock;United States
311;2019-12-30;2020-01-06;27645;3578,27;2171,2942;2171,2942;San Antonio;United States
311;2019-12-30;2020-01-06;27645;3578,27;2171,2942;2171,2942;Stafford;United States
311;2019-12-30;2020-01-06;27645;3578,27;2171,2942;2171,2942;Sugar Land;United States
310;2019-12-30;2020-01-06;16624;3578,27;2171,2942;2171,2942;Alexandria;Australia
310;2019-12-30;2020-01-06;16624;3578,27;2171,2942;2171,2942;Coffs Harbour;Australia
310;2019-12-30;2020-01-06;16624;3578,27;2171,2942;2171,2942;Darlinghurst;Australia
310;2019-12-30;2020-01-06;16624;3578,27;2171,2942;2171,2942;Goulburn;Australia
310;2019-12-30;2020-01-06;16624;3578,27;2171,2942;2171,2942;Lane Cove;Australia
310;2019-12-30;2020-01-06;16624;3578,27;2171,2942;2171,2942;Lavender Bay;Australia
310;2019-12-30;2020-01-06;16624;3578,27;2171,2942;2171,2942;Malabar;Australia
310;2019-12-30;2020-01-06;16624;3578,27;2171,2942;2171,2942;Matraville;Australia
310;2019-12-30;2020-01-06;16624;3578,27;2171,2942;2171,2942;Milsons Point;Australia
310;2019-12-30;2020-01-06;16624;3578,27;2171,2942;2171,2942;Newcastle;Australia
310;2019-12-30;2020-01-06;16624;3578,27;2171,2942;2171,2942;North Ryde;Australia
310;2019-12-30;2020-01-06;16624;3578,27;2171,2942;2171,2942;North Sydney;Australia
310;2019-12-30;2020-01-06;16624;3578,27;2171,2942;2171,2942;Port Macquarie;Australia
310;2019-12-30;2020-01-06;16624;3578,27;2171,2942;2171,2942;Rhodes;Australia
310;2019-12-30;2020-01-06;16624;3578,27;2171,2942;2171,2942;Silverwater;Australia
310;2019-12-30;2020-01-06;16624;3578,27;2171,2942;2171,2942;Springwood;Australia
310;2019-12-30;2020-01-06;16624;3578,27;2171,2942;2171,2942;St. Leonards;Australia
310;2019-12-30;2020-01-06;16624;3578,27;2171,2942;2171,2942;Sydney;Australia
310;2019-12-30;2020-01-06;16624;3578,27;2171,2942;2171,2942;Wollongong;Australia
310;2019-12-30;2020-01-06;16624;3578,27;2171,2942;2171,2942;Brisbane;Australia
310;2019-12-30;2020-01-06;16624;3578,27;2171,2942;2171,2942;Caloundra;Australia
310;2019-12-30;2020-01-06;16624;3578,27;2171,2942;2171,2942;East Brisbane;Australia
310;2019-12-30;2020-01-06;16624;3578,27;2171,2942;2171,2942;Gold Coast;Australia
310;2019-12-30;2020-01-06;16624;3578,27;2171,2942;2171,2942;Hawthorne;Australia
310;2019-12-30;2020-01-06;16624;3578,27;2171,2942;2171,2942;Hervey Bay;Australia
310;2019-12-30;2020-01-06;16624;3578,27;2171,2942;2171,2942;Rockhampton;Australia
310;2019-12-30;2020-01-06;16624;3578,27;2171,2942;2171,2942;Townsville;Australia
310;2019-12-30;2020-01-06;16624;3578,27;2171,2942;2171,2942;Cloverdale;Australia
310;2019-12-30;2020-01-06;16624;3578,27;2171,2942;2171,2942;Findon;Australia
310;2019-12-30;2020-01-06;16624;3578,27;2171,2942;2171,2942;Perth;Australia
310;2019-12-30;2020-01-06;16624;3578,27;2171,2942;2171,2942;Hobart;Australia
310;2019-12-30;2020-01-06;16624;3578,27;2171,2942;2171,2942;Bendigo;Australia
310;2019-12-30;2020-01-06;16624;3578,27;2171,2942;2171,2942;Cranbourne;Australia
310;2019-12-30;2020-01-06;16624;3578,27;2171,2942;2171,2942;Geelong;Australia
310;2019-12-30;2020-01-06;16624;3578,27;2171,2942;2171,2942;Melbourne;Australia
310;2019-12-30;2020-01-06;16624;3578,27;2171,2942;2171,2942;Melton;Australia
310;2019-12-30;2020-01-06;16624;3578,27;2171,2942;2171,2942;Seaford;Australia
310;2019-12-30;2020-01-06;16624;3578,27;2171,2942;2171,2942;South Melbourne;Australia
310;2019-12-30;2020-01-06;16624;3578,27;2171,2942;2171,2942;Sunbury;Australia
310;2019-12-30;2020-01-06;16624;3578,27;2171,2942;2171,2942;Warrnambool;Australia
351;2019-12-30;2020-01-06;11005;3374,99;1898,0944;1898,0944;Alexandria;Australia
351;2019-12-30;2020-01-06;11005;3374,99;1898,0944;1898,0944;Coffs Harbour;Australia
351;2019-12-30;2020-01-06;11005;3374,99;1898,0944;1898,0944;Darlinghurst;Australia
351;2019-12-30;2020-01-06;11005;3374,99;1898,0944;1898,0944;Goulburn;Australia
351;2019-12-30;2020-01-06;11005;3374,99;1898,0944;1898,0944;Lane Cove;Australia
351;2019-12-30;2020-01-06;11005;3374,99;1898,0944;1898,0944;Lavender Bay;Australia
351;2019-12-30;2020-01-06;11005;3374,99;1898,0944;1898,0944;Malabar;Australia
351;2019-12-30;2020-01-06;11005;3374,99;1898,0944;1898,0944;Matraville;Australia
351;2019-12-30;2020-01-06;11005;3374,99;1898,0944;1898,0944;Milsons Point;Australia
351;2019-12-30;2020-01-06;11005;3374,99;1898,0944;1898,0944;Newcastle;Australia
351;2019-12-30;2020-01-06;11005;3374,99;1898,0944;1898,0944;North Ryde;Australia
351;2019-12-30;2020-01-06;11005;3374,99;1898,0944;1898,0944;North Sydney;Australia
351;2019-12-30;2020-01-06;11005;3374,99;1898,0944;1898,0944;Port Macquarie;Australia
351;2019-12-30;2020-01-06;11005;3374,99;1898,0944;1898,0944;Rhodes;Australia
351;2019-12-30;2020-01-06;11005;3374,99;1898,0944;1898,0944;Silverwater;Australia
351;2019-12-30;2020-01-06;11005;3374,99;1898,0944;1898,0944;Springwood;Australia
351;2019-12-30;2020-01-06;11005;3374,99;1898,0944;1898,0944;St. Leonards;Australia
351;2019-12-30;2020-01-06;11005;3374,99;1898,0944;1898,0944;Sydney;Australia
351;2019-12-30;2020-01-06;11005;3374,99;1898,0944;1898,0944;Wollongong;Australia
351;2019-12-30;2020-01-06;11005;3374,99;1898,0944;1898,0944;Brisbane;Australia
351;2019-12-30;2020-01-06;11005;3374,99;1898,0944;1898,0944;Caloundra;Australia
351;2019-12-30;2020-01-06;11005;3374,99;1898,0944;1898,0944;East Brisbane;Australia
351;2019-12-30;2020-01-06;11005;3374,99;1898,0944;1898,0944;Gold Coast;Australia
351;2019-12-30;2020-01-06;11005;3374,99;1898,0944;1898,0944;Hawthorne;Australia
351;2019-12-30;2020-01-06;11005;3374,99;1898,0944;1898,0944;Hervey Bay;Australia
351;2019-12-30;2020-01-06;11005;3374,99;1898,0944;1898,0944;Rockhampton;Australia
351;2019-12-30;2020-01-06;11005;3374,99;1898,0944;1898,0944;Townsville;Australia
351;2019-12-30;2020-01-06;11005;3374,99;1898,0944;1898,0944;Cloverdale;Australia
351;2019-12-30;2020-01-06;11005;3374,99;1898,0944;1898,0944;Findon;Australia
351;2019-12-30;2020-01-06;11005;3374,99;1898,0944;1898,0944;Perth;Australia
351;2019-12-30;2020-01-06;11005;3374,99;1898,0944;1898,0944;Hobart;Australia
351;2019-12-30;2020-01-06;11005;3374,99;1898,0944;1898,0944;Bendigo;Australia
351;2019-12-30;2020-01-06;11005;3374,99;1898,0944;1898,0944;Cranbourne;Australia
351;2019-12-30;2020-01-06;11005;3374,99;1898,0944;1898,0944;Geelong;Australia
351;2019-12-30;2020-01-06;11005;3374,99;1898,0944;1898,0944;Melbourne;Australia
351;2019-12-30;2020-01-06;11005;3374,99;1898,0944;1898,0944;Melton;Australia
351;2019-12-30;2020-01-06;11005;3374,99;1898,0944;1898,0944;Seaford;Australia
351;2019-12-30;2020-01-06;11005;3374,99;1898,0944;1898,0944;South Melbourne;Australia
351;2019-12-30;2020-01-06;11005;3374,99;1898,0944;1898,0944;Sunbury;Australia
351;2019-12-30;2020-01-06;11005;3374,99;1898,0944;1898,0944;Warrnambool;Australia
344;2019-12-30;2020-01-06;11011;3399,99;1912,1544;1912,1544;Alexandria;Australia
344;2019-12-30;2020-01-06;11011;3399,99;1912,1544;1912,1544;Coffs Harbour;Australia
344;2019-12-30;2020-01-06;11011;3399,99;1912,1544;1912,1544;Darlinghurst;Australia
344;2019-12-30;2020-01-06;11011;3399,99;1912,1544;1912,1544;Goulburn;Australia
344;2019-12-30;2020-01-06;11011;3399,99;1912,1544;1912,1544;Lane Cove;Australia
344;2019-12-30;2020-01-06;11011;3399,99;1912,1544;1912,1544;Lavender Bay;Australia
344;2019-12-30;2020-01-06;11011;3399,99;1912,1544;1912,1544;Malabar;Australia
344;2019-12-30;2020-01-06;11011;3399,99;1912,1544;1912,1544;Matraville;Australia
344;2019-12-30;2020-01-06;11011;3399,99;1912,1544;1912,1544;Milsons Point;Australia
344;2019-12-30;2020-01-06;11011;3399,99;1912,1544;1912,1544;Newcastle;Australia
344;2019-12-30;2020-01-06;11011;3399,99;1912,1544;1912,1544;North Ryde;Australia
344;2019-12-30;2020-01-06;11011;3399,99;1912,1544;1912,1544;North Sydney;Australia
344;2019-12-30;2020-01-06;11011;3399,99;1912,1544;1912,1544;Port Macquarie;Australia
344;2019-12-30;2020-01-06;11011;3399,99;1912,1544;1912,1544;Rhodes;Australia
344;2019-12-30;2020-01-06;11011;3399,99;1912,1544;1912,1544;Silverwater;Australia
344;2019-12-30;2020-01-06;11011;3399,99;1912,1544;1912,1544;Springwood;Australia
344;2019-12-30;2020-01-06;11011;3399,99;1912,1544;1912,1544;St. Leonards;Australia
344;2019-12-30;2020-01-06;11011;3399,99;1912,1544;1912,1544;Sydney;Australia
344;2019-12-30;2020-01-06;11011;3399,99;1912,1544;1912,1544;Wollongong;Australia
344;2019-12-30;2020-01-06;11011;3399,99;1912,1544;1912,1544;Brisbane;Australia
344;2019-12-30;2020-01-06;11011;3399,99;1912,1544;1912,1544;Caloundra;Australia
344;2019-12-30;2020-01-06;11011;3399,99;1912,1544;1912,1544;East Brisbane;Australia
344;2019-12-30;2020-01-06;11011;3399,99;1912,1544;1912,1544;Gold Coast;Australia
344;2019-12-30;2020-01-06;11011;3399,99;1912,1544;1912,1544;Hawthorne;Australia
344;2019-12-30;2020-01-06;11011;3399,99;1912,1544;1912,1544;Hervey Bay;Australia
344;2019-12-30;2020-01-06;11011;3399,99;1912,1544;1912,1544;Rockhampton;Australia
344;2019-12-30;2020-01-06;11011;3399,99;1912,1544;1912,1544;Townsville;Australia
344;2019-12-30;2020-01-06;11011;3399,99;1912,1544;1912,1544;Cloverdale;Australia
344;2019-12-30;2020-01-06;11011;3399,99;1912,1544;1912,1544;Findon;Australia
344;2019-12-30;2020-01-06;11011;3399,99;1912,1544;1912,1544;Perth;Australia
344;2019-12-30;2020-01-06;11011;3399,99;1912,1544;1912,1544;Hobart;Australia
344;2019-12-30;2020-01-06;11011;3399,99;1912,1544;1912,1544;Bendigo;Australia
344;2019-12-30;2020-01-06;11011;3399,99;1912,1544;1912,1544;Cranbourne;Australia
344;2019-12-30;2020-01-06;11011;3399,99;1912,1544;1912,1544;Geelong;Australia
344;2019-12-30;2020-01-06;11011;3399,99;1912,1544;1912,1544;Melbourne;Australia
344;2019-12-30;2020-01-06;11011;3399,99;1912,1544;1912,1544;Melton;Australia
344;2019-12-30;2020-01-06;11011;3399,99;1912,1544;1912,1544;Seaford;Australia
344;2019-12-30;2020-01-06;11011;3399,99;1912,1544;1912,1544;South Melbourne;Australia
344;2019-12-30;2020-01-06;11011;3399,99;1912,1544;1912,1544;Sunbury;Australia
344;2019-12-30;2020-01-06;11011;3399,99;1912,1544;1912,1544;Warrnambool;Australia
312;2019-12-31;2020-01-07;27621;3578,27;2171,2942;2171,2942;Chandler;United States
312;2019-12-31;2020-01-07;27621;3578,27;2171,2942;2171,2942;Gilbert;United States
312;2019-12-31;2020-01-07;27621;3578,27;2171,2942;2171,2942;Mesa;United States
312;2019-12-31;2020-01-07;27621;3578,27;2171,2942;2171,2942;Phoenix;United States
312;2019-12-31;2020-01-07;27621;3578,27;2171,2942;2171,2942;Scottsdale;United States
312;2019-12-31;2020-01-07;27621;3578,27;2171,2942;2171,2942;Surprise;United States
312;2019-12-31;2020-01-07;27621;3578,27;2171,2942;2171,2942;Tucson;United States
312;2019-12-31;2020-01-07;27621;3578,27;2171,2942;2171,2942;Alhambra;United States
312;2019-12-31;2020-01-07;27621;3578,27;2171,2942;2171,2942;Alpine;United States
312;2019-12-31;2020-01-07;27621;3578,27;2171,2942;2171,2942;Auburn;United States
312;2019-12-31;2020-01-07;27621;3578,27;2171,2942;2171,2942;Baldwin Park;United States
312;2019-12-31;2020-01-07;27621;3578,27;2171,2942;2171,2942;Barstow;United States
312;2019-12-31;2020-01-07;27621;3578,27;2171,2942;2171,2942;Bell Gardens;United States
312;2019-12-31;2020-01-07;27621;3578,27;2171,2942;2171,2942;Bellflower;United States
312;2019-12-31;2020-01-07;27621;3578,27;2171,2942;2171,2942;Berkeley;United States
312;2019-12-31;2020-01-07;27621;3578,27;2171,2942;2171,2942;Beverly Hills;United States
312;2019-12-31;2020-01-07;27621;3578,27;2171,2942;2171,2942;Burbank;United States
312;2019-12-31;2020-01-07;27621;3578,27;2171,2942;2171,2942;Burlingame;United States
312;2019-12-31;2020-01-07;27621;3578,27;2171,2942;2171,2942;Camarillo;United States
312;2019-12-31;2020-01-07;27621;3578,27;2171,2942;2171,2942;Canoga Park;United States
312;2019-12-31;2020-01-07;27621;3578,27;2171,2942;2171,2942;Carson;United States
312;2019-12-31;2020-01-07;27621;3578,27;2171,2942;2171,2942;Cerritos;United States
312;2019-12-31;2020-01-07;27621;3578,27;2171,2942;2171,2942;Chula Vista;United States
312;2019-12-31;2020-01-07;27621;3578,27;2171,2942;2171,2942;Citrus Heights;United States
312;2019-12-31;2020-01-07;27621;3578,27;2171,2942;2171,2942;City Of Commerce;United States
312;2019-12-31;2020-01-07;27621;3578,27;2171,2942;2171,2942;Colma;United States
312;2019-12-31;2020-01-07;27621;3578,27;2171,2942;2171,2942;Concord;United States
312;2019-12-31;2020-01-07;27621;3578,27;2171,2942;2171,2942;Coronado;United States
312;2019-12-31;2020-01-07;27621;3578,27;2171,2942;2171,2942;Culver City;United States
312;2019-12-31;2020-01-07;27621;3578,27;2171,2942;2171,2942;Daly City;United States
312;2019-12-31;2020-01-07;27621;3578,27;2171,2942;2171,2942;Downey;United States
312;2019-12-31;2020-01-07;27621;3578,27;2171,2942;2171,2942;El Cajon;United States
312;2019-12-31;2020-01-07;27621;3578,27;2171,2942;2171,2942;El Segundo;United States
312;2019-12-31;2020-01-07;27621;3578,27;2171,2942;2171,2942;Elk Grove;United States
312;2019-12-31;2020-01-07;27621;3578,27;2171,2942;2171,2942;Escondido;United States
312;2019-12-31;2020-01-07;27621;3578,27;2171,2942;2171,2942;Eureka;United States
312;2019-12-31;2020-01-07;27621;3578,27;2171,2942;2171,2942;Fontana;United States
312;2019-12-31;2020-01-07;27621;3578,27;2171,2942;2171,2942;Fremont;United States
312;2019-12-31;2020-01-07;27621;3578,27;2171,2942;2171,2942;Fullerton;United States
312;2019-12-31;2020-01-07;27621;3578,27;2171,2942;2171,2942;Gilroy;United States
312;2019-12-31;2020-01-07;27621;3578,27;2171,2942;2171,2942;Glendale;United States
312;2019-12-31;2020-01-07;27621;3578,27;2171,2942;2171,2942;Grossmont;United States
312;2019-12-31;2020-01-07;27621;3578,27;2171,2942;2171,2942;Hanford;United States
312;2019-12-31;2020-01-07;27621;3578,27;2171,2942;2171,2942;Hayward;United States
312;2019-12-31;2020-01-07;27621;3578,27;2171,2942;2171,2942;Imperial Beach;United States
312;2019-12-31;2020-01-07;27621;3578,27;2171,2942;2171,2942;Irvine;United States
312;2019-12-31;2020-01-07;27621;3578,27;2171,2942;2171,2942;La Jolla;United States
312;2019-12-31;2020-01-07;27621;3578,27;2171,2942;2171,2942;La Mesa;United States
312;2019-12-31;2020-01-07;27621;3578,27;2171,2942;2171,2942;Lake Elsinore;United States
312;2019-12-31;2020-01-07;27621;3578,27;2171,2942;2171,2942;Lakewood;United States
312;2019-12-31;2020-01-07;27621;3578,27;2171,2942;2171,2942;Lemon Grove;United States
312;2019-12-31;2020-01-07;27621;3578,27;2171,2942;2171,2942;Lincoln Acres;United States
312;2019-12-31;2020-01-07;27621;3578,27;2171,2942;2171,2942;Long Beach;United States
312;2019-12-31;2020-01-07;27621;3578,27;2171,2942;2171,2942;Los Angeles;United States
312;2019-12-31;2020-01-07;27621;3578,27;2171,2942;2171,2942;Mill Valley;United States
312;2019-12-31;2020-01-07;27621;3578,27;2171,2942;2171,2942;Milpitas;United States
312;2019-12-31;2020-01-07;27621;3578,27;2171,2942;2171,2942;Modesto;United States
312;2019-12-31;2020-01-07;27621;3578,27;2171,2942;2171,2942;Monrovia;United States
312;2019-12-31;2020-01-07;27621;3578,27;2171,2942;2171,2942;National City;United States
312;2019-12-31;2020-01-07;27621;3578,27;2171,2942;2171,2942;Newark;United States
312;2019-12-31;2020-01-07;27621;3578,27;2171,2942;2171,2942;Newport Beach;United States
312;2019-12-31;2020-01-07;27621;3578,27;2171,2942;2171,2942;Norwalk;United States
312;2019-12-31;2020-01-07;27621;3578,27;2171,2942;2171,2942;Novato;United States
312;2019-12-31;2020-01-07;27621;3578,27;2171,2942;2171,2942;Oakland;United States
312;2019-12-31;2020-01-07;27621;3578,27;2171,2942;2171,2942;Ontario;United States
312;2019-12-31;2020-01-07;27621;3578,27;2171,2942;2171,2942;Orange;United States
312;2019-12-31;2020-01-07;27621;3578,27;2171,2942;2171,2942;Oxnard;United States
312;2019-12-31;2020-01-07;27621;3578,27;2171,2942;2171,2942;Palo Alto;United States
312;2019-12-31;2020-01-07;27621;3578,27;2171,2942;2171,2942;Pleasanton;United States
312;2019-12-31;2020-01-07;27621;3578,27;2171,2942;2171,2942;Redlands;United States
312;2019-12-31;2020-01-07;27621;3578,27;2171,2942;2171,2942;Redwood City;United States
312;2019-12-31;2020-01-07;27621;3578,27;2171,2942;2171,2942;Sacramento;United States
312;2019-12-31;2020-01-07;27621;3578,27;2171,2942;2171,2942;San Bruno;United States
312;2019-12-31;2020-01-07;27621;3578,27;2171,2942;2171,2942;San Carlos;United States
312;2019-12-31;2020-01-07;27621;3578,27;2171,2942;2171,2942;San Diego;United States
312;2019-12-31;2020-01-07;27621;3578,27;2171,2942;2171,2942;San Francisco;United States
312;2019-12-31;2020-01-07;27621;3578,27;2171,2942;2171,2942;San Gabriel;United States
312;2019-12-31;2020-01-07;27621;3578,27;2171,2942;2171,2942;San Jose;United States
312;2019-12-31;2020-01-07;27621;3578,27;2171,2942;2171,2942;San Mateo;United States
312;2019-12-31;2020-01-07;27621;3578,27;2171,2942;2171,2942;San Ramon;United States
312;2019-12-31;2020-01-07;27621;3578,27;2171,2942;2171,2942;San Ysidro;United States
312;2019-12-31;2020-01-07;27621;3578,27;2171,2942;2171,2942;Sand City;United States
312;2019-12-31;2020-01-07;27621;3578,27;2171,2942;2171,2942;Santa Ana;United States
312;2019-12-31;2020-01-07;27621;3578,27;2171,2942;2171,2942;Santa Cruz;United States
312;2019-12-31;2020-01-07;27621;3578,27;2171,2942;2171,2942;Santa Monica;United States
312;2019-12-31;2020-01-07;27621;3578,27;2171,2942;2171,2942;Sherman Oaks;United States
312;2019-12-31;2020-01-07;27621;3578,27;2171,2942;2171,2942;Simi Valley;United States
312;2019-12-31;2020-01-07;27621;3578,27;2171,2942;2171,2942;Spring Valley;United States
312;2019-12-31;2020-01-07;27621;3578,27;2171,2942;2171,2942;Stockton;United States
312;2019-12-31;2020-01-07;27621;3578,27;2171,2942;2171,2942;Torrance;United States
312;2019-12-31;2020-01-07;27621;3578,27;2171,2942;2171,2942;Trabuco Canyon;United States
312;2019-12-31;2020-01-07;27621;3578,27;2171,2942;2171,2942;Union City;United States
312;2019-12-31;2020-01-07;27621;3578,27;2171,2942;2171,2942;Upland;United States
312;2019-12-31;2020-01-07;27621;3578,27;2171,2942;2171,2942;Vacaville;United States
312;2019-12-31;2020-01-07;27621;3578,27;2171,2942;2171,2942;Van Nuys;United States
312;2019-12-31;2020-01-07;27621;3578,27;2171,2942;2171,2942;Visalia;United States
312;2019-12-31;2020-01-07;27621;3578,27;2171,2942;2171,2942;Vista;United States
312;2019-12-31;2020-01-07;27621;3578,27;2171,2942;2171,2942;Walnut Creek;United States
312;2019-12-31;2020-01-07;27621;3578,27;2171,2942;2171,2942;West Covina;United States
312;2019-12-31;2020-01-07;27621;3578,27;2171,2942;2171,2942;Whittier;United States
312;2019-12-31;2020-01-07;27621;3578,27;2171,2942;2171,2942;Woodland Hills;United States
312;2019-12-31;2020-01-07;27621;3578,27;2171,2942;2171,2942;Las Cruces;United States
312;2019-12-31;2020-01-07;27621;3578,27;2171,2942;2171,2942;Rio Rancho;United States
312;2019-12-31;2020-01-07;27621;3578,27;2171,2942;2171,2942;Santa Fe;United States
312;2019-12-31;2020-01-07;27621;3578,27;2171,2942;2171,2942;Arlington;United States
312;2019-12-31;2020-01-07;27621;3578,27;2171,2942;2171,2942;Austin;United States
312;2019-12-31;2020-01-07;27621;3578,27;2171,2942;2171,2942;Baytown;United States
312;2019-12-31;2020-01-07;27621;3578,27;2171,2942;2171,2942;Carrollton;United States
312;2019-12-31;2020-01-07;27621;3578,27;2171,2942;2171,2942;Cedar Park;United States
312;2019-12-31;2020-01-07;27621;3578,27;2171,2942;2171,2942;College Station;United States
312;2019-12-31;2020-01-07;27621;3578,27;2171,2942;2171,2942;Corpus Christi;United States
312;2019-12-31;2020-01-07;27621;3578,27;2171,2942;2171,2942;Dallas;United States
312;2019-12-31;2020-01-07;27621;3578,27;2171,2942;2171,2942;Fort Worth;United States
312;2019-12-31;2020-01-07;27621;3578,27;2171,2942;2171,2942;Garland;United States
312;2019-12-31;2020-01-07;27621;3578,27;2171,2942;2171,2942;Hillsboro;United States
312;2019-12-31;2020-01-07;27621;3578,27;2171,2942;2171,2942;Houston;United States
312;2019-12-31;2020-01-07;27621;3578,27;2171,2942;2171,2942;Humble;United States
312;2019-12-31;2020-01-07;27621;3578,27;2171,2942;2171,2942;Irving;United States
312;2019-12-31;2020-01-07;27621;3578,27;2171,2942;2171,2942;Killeen;United States
312;2019-12-31;2020-01-07;27621;3578,27;2171,2942;2171,2942;La Marque;United States
312;2019-12-31;2020-01-07;27621;3578,27;2171,2942;2171,2942;Laredo;United States
312;2019-12-31;2020-01-07;27621;3578,27;2171,2942;2171,2942;Mesquite;United States
312;2019-12-31;2020-01-07;27621;3578,27;2171,2942;2171,2942;Plano;United States
312;2019-12-31;2020-01-07;27621;3578,27;2171,2942;2171,2942;Round Rock;United States
312;2019-12-31;2020-01-07;27621;3578,27;2171,2942;2171,2942;San Antonio;United States
312;2019-12-31;2020-01-07;27621;3578,27;2171,2942;2171,2942;Stafford;United States
312;2019-12-31;2020-01-07;27621;3578,27;2171,2942;2171,2942;Sugar Land;United States
312;2019-12-31;2020-01-07;27616;3578,27;2171,2942;2171,2942;Chandler;United States
312;2019-12-31;2020-01-07;27616;3578,27;2171,2942;2171,2942;Gilbert;United States
312;2019-12-31;2020-01-07;27616;3578,27;2171,2942;2171,2942;Mesa;United States
312;2019-12-31;2020-01-07;27616;3578,27;2171,2942;2171,2942;Phoenix;United States
312;2019-12-31;2020-01-07;27616;3578,27;2171,2942;2171,2942;Scottsdale;United States
312;2019-12-31;2020-01-07;27616;3578,27;2171,2942;2171,2942;Surprise;United States
312;2019-12-31;2020-01-07;27616;3578,27;2171,2942;2171,2942;Tucson;United States
312;2019-12-31;2020-01-07;27616;3578,27;2171,2942;2171,2942;Alhambra;United States
312;2019-12-31;2020-01-07;27616;3578,27;2171,2942;2171,2942;Alpine;United States
312;2019-12-31;2020-01-07;27616;3578,27;2171,2942;2171,2942;Auburn;United States
312;2019-12-31;2020-01-07;27616;3578,27;2171,2942;2171,2942;Baldwin Park;United States
312;2019-12-31;2020-01-07;27616;3578,27;2171,2942;2171,2942;Barstow;United States
312;2019-12-31;2020-01-07;27616;3578,27;2171,2942;2171,2942;Bell Gardens;United States
312;2019-12-31;2020-01-07;27616;3578,27;2171,2942;2171,2942;Bellflower;United States
312;2019-12-31;2020-01-07;27616;3578,27;2171,2942;2171,2942;Berkeley;United States
312;2019-12-31;2020-01-07;27616;3578,27;2171,2942;2171,2942;Beverly Hills;United States
312;2019-12-31;2020-01-07;27616;3578,27;2171,2942;2171,2942;Burbank;United States
312;2019-12-31;2020-01-07;27616;3578,27;2171,2942;2171,2942;Burlingame;United States
312;2019-12-31;2020-01-07;27616;3578,27;2171,2942;2171,2942;Camarillo;United States
312;2019-12-31;2020-01-07;27616;3578,27;2171,2942;2171,2942;Canoga Park;United States
312;2019-12-31;2020-01-07;27616;3578,27;2171,2942;2171,2942;Carson;United States
312;2019-12-31;2020-01-07;27616;3578,27;2171,2942;2171,2942;Cerritos;United States
312;2019-12-31;2020-01-07;27616;3578,27;2171,2942;2171,2942;Chula Vista;United States
312;2019-12-31;2020-01-07;27616;3578,27;2171,2942;2171,2942;Citrus Heights;United States
312;2019-12-31;2020-01-07;27616;3578,27;2171,2942;2171,2942;City Of Commerce;United States
312;2019-12-31;2020-01-07;27616;3578,27;2171,2942;2171,2942;Colma;United States
312;2019-12-31;2020-01-07;27616;3578,27;2171,2942;2171,2942;Concord;United States
312;2019-12-31;2020-01-07;27616;3578,27;2171,2942;2171,2942;Coronado;United States
312;2019-12-31;2020-01-07;27616;3578,27;2171,2942;2171,2942;Culver City;United States
312;2019-12-31;2020-01-07;27616;3578,27;2171,2942;2171,2942;Daly City;United States
312;2019-12-31;2020-01-07;27616;3578,27;2171,2942;2171,2942;Downey;United States
312;2019-12-31;2020-01-07;27616;3578,27;2171,2942;2171,2942;El Cajon;United States
312;2019-12-31;2020-01-07;27616;3578,27;2171,2942;2171,2942;El Segundo;United States
312;2019-12-31;2020-01-07;27616;3578,27;2171,2942;2171,2942;Elk Grove;United States
312;2019-12-31;2020-01-07;27616;3578,27;2171,2942;2171,2942;Escondido;United States
312;2019-12-31;2020-01-07;27616;3578,27;2171,2942;2171,2942;Eureka;United States
312;2019-12-31;2020-01-07;27616;3578,27;2171,2942;2171,2942;Fontana;United States
312;2019-12-31;2020-01-07;27616;3578,27;2171,2942;2171,2942;Fremont;United States
312;2019-12-31;2020-01-07;27616;3578,27;2171,2942;2171,2942;Fullerton;United States
312;2019-12-31;2020-01-07;27616;3578,27;2171,2942;2171,2942;Gilroy;United States
312;2019-12-31;2020-01-07;27616;3578,27;2171,2942;2171,2942;Glendale;United States
312;2019-12-31;2020-01-07;27616;3578,27;2171,2942;2171,2942;Grossmont;United States
312;2019-12-31;2020-01-07;27616;3578,27;2171,2942;2171,2942;Hanford;United States
312;2019-12-31;2020-01-07;27616;3578,27;2171,2942;2171,2942;Hayward;United States
312;2019-12-31;2020-01-07;27616;3578,27;2171,2942;2171,2942;Imperial Beach;United States
312;2019-12-31;2020-01-07;27616;3578,27;2171,2942;2171,2942;Irvine;United States
312;2019-12-31;2020-01-07;27616;3578,27;2171,2942;2171,2942;La Jolla;United States
312;2019-12-31;2020-01-07;27616;3578,27;2171,2942;2171,2942;La Mesa;United States
312;2019-12-31;2020-01-07;27616;3578,27;2171,2942;2171,2942;Lake Elsinore;United States
312;2019-12-31;2020-01-07;27616;3578,27;2171,2942;2171,2942;Lakewood;United States
312;2019-12-31;2020-01-07;27616;3578,27;2171,2942;2171,2942;Lemon Grove;United States
312;2019-12-31;2020-01-07;27616;3578,27;2171,2942;2171,2942;Lincoln Acres;United States
312;2019-12-31;2020-01-07;27616;3578,27;2171,2942;2171,2942;Long Beach;United States
312;2019-12-31;2020-01-07;27616;3578,27;2171,2942;2171,2942;Los Angeles;United States
312;2019-12-31;2020-01-07;27616;3578,27;2171,2942;2171,2942;Mill Valley;United States
312;2019-12-31;2020-01-07;27616;3578,27;2171,2942;2171,2942;Milpitas;United States
312;2019-12-31;2020-01-07;27616;3578,27;2171,2942;2171,2942;Modesto;United States
312;2019-12-31;2020-01-07;27616;3578,27;2171,2942;2171,2942;Monrovia;United States
312;2019-12-31;2020-01-07;27616;3578,27;2171,2942;2171,2942;National City;United States
312;2019-12-31;2020-01-07;27616;3578,27;2171,2942;2171,2942;Newark;United States
312;2019-12-31;2020-01-07;27616;3578,27;2171,2942;2171,2942;Newport Beach;United States
312;2019-12-31;2020-01-07;27616;3578,27;2171,2942;2171,2942;Norwalk;United States
312;2019-12-31;2020-01-07;27616;3578,27;2171,2942;2171,2942;Novato;United States
312;2019-12-31;2020-01-07;27616;3578,27;2171,2942;2171,2942;Oakland;United States
312;2019-12-31;2020-01-07;27616;3578,27;2171,2942;2171,2942;Ontario;United States
312;2019-12-31;2020-01-07;27616;3578,27;2171,2942;2171,2942;Orange;United States
312;2019-12-31;2020-01-07;27616;3578,27;2171,2942;2171,2942;Oxnard;United States
312;2019-12-31;2020-01-07;27616;3578,27;2171,2942;2171,2942;Palo Alto;United States
312;2019-12-31;2020-01-07;27616;3578,27;2171,2942;2171,2942;Pleasanton;United States
312;2019-12-31;2020-01-07;27616;3578,27;2171,2942;2171,2942;Redlands;United States
312;2019-12-31;2020-01-07;27616;3578,27;2171,2942;2171,2942;Redwood City;United States
312;2019-12-31;2020-01-07;27616;3578,27;2171,2942;2171,2942;Sacramento;United States
312;2019-12-31;2020-01-07;27616;3578,27;2171,2942;2171,2942;San Bruno;United States
312;2019-12-31;2020-01-07;27616;3578,27;2171,2942;2171,2942;San Carlos;United States
312;2019-12-31;2020-01-07;27616;3578,27;2171,2942;2171,2942;San Diego;United States
312;2019-12-31;2020-01-07;27616;3578,27;2171,2942;2171,2942;San Francisco;United States
312;2019-12-31;2020-01-07;27616;3578,27;2171,2942;2171,2942;San Gabriel;United States
312;2019-12-31;2020-01-07;27616;3578,27;2171,2942;2171,2942;San Jose;United States
312;2019-12-31;2020-01-07;27616;3578,27;2171,2942;2171,2942;San Mateo;United States
312;2019-12-31;2020-01-07;27616;3578,27;2171,2942;2171,2942;San Ramon;United States
312;2019-12-31;2020-01-07;27616;3578,27;2171,2942;2171,2942;San Ysidro;United States
312;2019-12-31;2020-01-07;27616;3578,27;2171,2942;2171,2942;Sand City;United States
312;2019-12-31;2020-01-07;27616;3578,27;2171,2942;2171,2942;Santa Ana;United States
312;2019-12-31;2020-01-07;27616;3578,27;2171,2942;2171,2942;Santa Cruz;United States
312;2019-12-31;2020-01-07;27616;3578,27;2171,2942;2171,2942;Santa Monica;United States
312;2019-12-31;2020-01-07;27616;3578,27;2171,2942;2171,2942;Sherman Oaks;United States
312;2019-12-31;2020-01-07;27616;3578,27;2171,2942;2171,2942;Simi Valley;United States
312;2019-12-31;2020-01-07;27616;3578,27;2171,2942;2171,2942;Spring Valley;United States
312;2019-12-31;2020-01-07;27616;3578,27;2171,2942;2171,2942;Stockton;United States
312;2019-12-31;2020-01-07;27616;3578,27;2171,2942;2171,2942;Torrance;United States
312;2019-12-31;2020-01-07;27616;3578,27;2171,2942;2171,2942;Trabuco Canyon;United States
312;2019-12-31;2020-01-07;27616;3578,27;2171,2942;2171,2942;Union City;United States
312;2019-12-31;2020-01-07;27616;3578,27;2171,2942;2171,2942;Upland;United States
312;2019-12-31;2020-01-07;27616;3578,27;2171,2942;2171,2942;Vacaville;United States
312;2019-12-31;2020-01-07;27616;3578,27;2171,2942;2171,2942;Van Nuys;United States
312;2019-12-31;2020-01-07;27616;3578,27;2171,2942;2171,2942;Visalia;United States
312;2019-12-31;2020-01-07;27616;3578,27;2171,2942;2171,2942;Vista;United States
312;2019-12-31;2020-01-07;27616;3578,27;2171,2942;2171,2942;Walnut Creek;United States
312;2019-12-31;2020-01-07;27616;3578,27;2171,2942;2171,2942;West Covina;United States
312;2019-12-31;2020-01-07;27616;3578,27;2171,2942;2171,2942;Whittier;United States
312;2019-12-31;2020-01-07;27616;3578,27;2171,2942;2171,2942;Woodland Hills;United States
312;2019-12-31;2020-01-07;27616;3578,27;2171,2942;2171,2942;Las Cruces;United States
312;2019-12-31;2020-01-07;27616;3578,27;2171,2942;2171,2942;Rio Rancho;United States
312;2019-12-31;2020-01-07;27616;3578,27;2171,2942;2171,2942;Santa Fe;United States
312;2019-12-31;2020-01-07;27616;3578,27;2171,2942;2171,2942;Arlington;United States
312;2019-12-31;2020-01-07;27616;3578,27;2171,2942;2171,2942;Austin;United States
312;2019-12-31;2020-01-07;27616;3578,27;2171,2942;2171,2942;Baytown;United States
312;2019-12-31;2020-01-07;27616;3578,27;2171,2942;2171,2942;Carrollton;United States
312;2019-12-31;2020-01-07;27616;3578,27;2171,2942;2171,2942;Cedar Park;United States
312;2019-12-31;2020-01-07;27616;3578,27;2171,2942;2171,2942;College Station;United States
312;2019-12-31;2020-01-07;27616;3578,27;2171,2942;2171,2942;Corpus Christi;United States
312;2019-12-31;2020-01-07;27616;3578,27;2171,2942;2171,2942;Dallas;United States
312;2019-12-31;2020-01-07;27616;3578,27;2171,2942;2171,2942;Fort Worth;United States
312;2019-12-31;2020-01-07;27616;3578,27;2171,2942;2171,2942;Garland;United States
312;2019-12-31;2020-01-07;27616;3578,27;2171,2942;2171,2942;Hillsboro;United States
312;2019-12-31;2020-01-07;27616;3578,27;2171,2942;2171,2942;Houston;United States
312;2019-12-31;2020-01-07;27616;3578,27;2171,2942;2171,2942;Humble;United States
312;2019-12-31;2020-01-07;27616;3578,27;2171,2942;2171,2942;Irving;United States
312;2019-12-31;2020-01-07;27616;3578,27;2171,2942;2171,2942;Killeen;United States
312;2019-12-31;2020-01-07;27616;3578,27;2171,2942;2171,2942;La Marque;United States
312;2019-12-31;2020-01-07;27616;3578,27;2171,2942;2171,2942;Laredo;United States
312;2019-12-31;2020-01-07;27616;3578,27;2171,2942;2171,2942;Mesquite;United States
312;2019-12-31;2020-01-07;27616;3578,27;2171,2942;2171,2942;Plano;United States
312;2019-12-31;2020-01-07;27616;3578,27;2171,2942;2171,2942;Round Rock;United States
312;2019-12-31;2020-01-07;27616;3578,27;2171,2942;2171,2942;San Antonio;United States
312;2019-12-31;2020-01-07;27616;3578,27;2171,2942;2171,2942;Stafford;United States
312;2019-12-31;2020-01-07;27616;3578,27;2171,2942;2171,2942;Sugar Land;United States
330;2019-12-31;2020-01-07;20042;699,0982;413,1463;413,1463;Abingdon;United Kingdom
330;2019-12-31;2020-01-07;20042;699,0982;413,1463;413,1463;Basingstoke Hants;United Kingdom
330;2019-12-31;2020-01-07;20042;699,0982;413,1463;413,1463;Berks;United Kingdom
330;2019-12-31;2020-01-07;20042;699,0982;413,1463;413,1463;Berkshire;United Kingdom
330;2019-12-31;2020-01-07;20042;699,0982;413,1463;413,1463;Billericay;United Kingdom
330;2019-12-31;2020-01-07;20042;699,0982;413,1463;413,1463;Birmingham;United Kingdom
330;2019-12-31;2020-01-07;20042;699,0982;413,1463;413,1463;Bracknell;United Kingdom
330;2019-12-31;2020-01-07;20042;699,0982;413,1463;413,1463;Bury;United Kingdom
330;2019-12-31;2020-01-07;20042;699,0982;413,1463;413,1463;Cambridge;United Kingdom
330;2019-12-31;2020-01-07;20042;699,0982;413,1463;413,1463;Cheltenham;United Kingdom
330;2019-12-31;2020-01-07;20042;699,0982;413,1463;413,1463;Esher-Molesey;United Kingdom
330;2019-12-31;2020-01-07;20042;699,0982;413,1463;413,1463;Gateshead;United Kingdom
330;2019-12-31;2020-01-07;20042;699,0982;413,1463;413,1463;Gloucestershire;United Kingdom
330;2019-12-31;2020-01-07;20042;699,0982;413,1463;413,1463;High Wycombe;United Kingdom
330;2019-12-31;2020-01-07;20042;699,0982;413,1463;413,1463;Kirkby;United Kingdom
330;2019-12-31;2020-01-07;20042;699,0982;413,1463;413,1463;Lancaster;United Kingdom
330;2019-12-31;2020-01-07;20042;699,0982;413,1463;413,1463;Leeds;United Kingdom
330;2019-12-31;2020-01-07;20042;699,0982;413,1463;413,1463;London;United Kingdom
330;2019-12-31;2020-01-07;20042;699,0982;413,1463;413,1463;London;United Kingdom
330;2019-12-31;2020-01-07;20042;699,0982;413,1463;413,1463;London;United Kingdom
330;2019-12-31;2020-01-07;20042;699,0982;413,1463;413,1463;London;United Kingdom
330;2019-12-31;2020-01-07;20042;699,0982;413,1463;413,1463;London;United Kingdom
330;2019-12-31;2020-01-07;20042;699,0982;413,1463;413,1463;London;United Kingdom
330;2019-12-31;2020-01-07;20042;699,0982;413,1463;413,1463;London;United Kingdom
330;2019-12-31;2020-01-07;20042;699,0982;413,1463;413,1463;London;United Kingdom
330;2019-12-31;2020-01-07;20042;699,0982;413,1463;413,1463;London;United Kingdom
330;2019-12-31;2020-01-07;20042;699,0982;413,1463;413,1463;London;United Kingdom
330;2019-12-31;2020-01-07;20042;699,0982;413,1463;413,1463;London;United Kingdom
330;2019-12-31;2020-01-07;20042;699,0982;413,1463;413,1463;London;United Kingdom
330;2019-12-31;2020-01-07;20042;699,0982;413,1463;413,1463;London;United Kingdom
330;2019-12-31;2020-01-07;20042;699,0982;413,1463;413,1463;London;United Kingdom
330;2019-12-31;2020-01-07;20042;699,0982;413,1463;413,1463;Maidenhead;United Kingdom
330;2019-12-31;2020-01-07;20042;699,0982;413,1463;413,1463;Milton Keynes;United Kingdom
330;2019-12-31;2020-01-07;20042;699,0982;413,1463;413,1463;Milton Keynes;United Kingdom
330;2019-12-31;2020-01-07;20042;699,0982;413,1463;413,1463;Newcastle upon Tyne;United Kingdom
330;2019-12-31;2020-01-07;20042;699,0982;413,1463;413,1463;Oxford;United Kingdom
330;2019-12-31;2020-01-07;20042;699,0982;413,1463;413,1463;Oxford;United Kingdom
330;2019-12-31;2020-01-07;20042;699,0982;413,1463;413,1463;Oxon;United Kingdom
330;2019-12-31;2020-01-07;20042;699,0982;413,1463;413,1463;Peterborough;United Kingdom
330;2019-12-31;2020-01-07;20042;699,0982;413,1463;413,1463;Reading;United Kingdom
330;2019-12-31;2020-01-07;20042;699,0982;413,1463;413,1463;Runcorn;United Kingdom
330;2019-12-31;2020-01-07;20042;699,0982;413,1463;413,1463;Liverpool;United Kingdom
330;2019-12-31;2020-01-07;20042;699,0982;413,1463;413,1463;Stoke-on-Trent;United Kingdom
330;2019-12-31;2020-01-07;20042;699,0982;413,1463;413,1463;W. York;United Kingdom
330;2019-12-31;2020-01-07;20042;699,0982;413,1463;413,1463;Warrington;United Kingdom
330;2019-12-31;2020-01-07;20042;699,0982;413,1463;413,1463;Warrington;United Kingdom
330;2019-12-31;2020-01-07;20042;699,0982;413,1463;413,1463;Watford;United Kingdom
330;2019-12-31;2020-01-07;20042;699,0982;413,1463;413,1463;West Sussex;United Kingdom
330;2019-12-31;2020-01-07;20042;699,0982;413,1463;413,1463;Wokingham;United Kingdom
330;2019-12-31;2020-01-07;20042;699,0982;413,1463;413,1463;Woolston;United Kingdom
330;2019-12-31;2020-01-07;20042;699,0982;413,1463;413,1463;York;United Kingdom
330;2019-12-31;2020-01-07;20042;699,0982;413,1463;413,1463;York;United Kingdom
330;2019-12-31;2020-01-07;20042;699,0982;413,1463;413,1463;York;United Kingdom
313;2019-12-31;2020-01-07;16351;3578,27;2171,2942;2171,2942;Alexandria;Australia
313;2019-12-31;2020-01-07;16351;3578,27;2171,2942;2171,2942;Coffs Harbour;Australia
313;2019-12-31;2020-01-07;16351;3578,27;2171,2942;2171,2942;Darlinghurst;Australia
313;2019-12-31;2020-01-07;16351;3578,27;2171,2942;2171,2942;Goulburn;Australia
313;2019-12-31;2020-01-07;16351;3578,27;2171,2942;2171,2942;Lane Cove;Australia
313;2019-12-31;2020-01-07;16351;3578,27;2171,2942;2171,2942;Lavender Bay;Australia
313;2019-12-31;2020-01-07;16351;3578,27;2171,2942;2171,2942;Malabar;Australia
313;2019-12-31;2020-01-07;16351;3578,27;2171,2942;2171,2942;Matraville;Australia
313;2019-12-31;2020-01-07;16351;3578,27;2171,2942;2171,2942;Milsons Point;Australia
313;2019-12-31;2020-01-07;16351;3578,27;2171,2942;2171,2942;Newcastle;Australia
313;2019-12-31;2020-01-07;16351;3578,27;2171,2942;2171,2942;North Ryde;Australia
313;2019-12-31;2020-01-07;16351;3578,27;2171,2942;2171,2942;North Sydney;Australia
313;2019-12-31;2020-01-07;16351;3578,27;2171,2942;2171,2942;Port Macquarie;Australia
313;2019-12-31;2020-01-07;16351;3578,27;2171,2942;2171,2942;Rhodes;Australia
313;2019-12-31;2020-01-07;16351;3578,27;2171,2942;2171,2942;Silverwater;Australia
313;2019-12-31;2020-01-07;16351;3578,27;2171,2942;2171,2942;Springwood;Australia
313;2019-12-31;2020-01-07;16351;3578,27;2171,2942;2171,2942;St. Leonards;Australia
313;2019-12-31;2020-01-07;16351;3578,27;2171,2942;2171,2942;Sydney;Australia
313;2019-12-31;2020-01-07;16351;3578,27;2171,2942;2171,2942;Wollongong;Australia
313;2019-12-31;2020-01-07;16351;3578,27;2171,2942;2171,2942;Brisbane;Australia
313;2019-12-31;2020-01-07;16351;3578,27;2171,2942;2171,2942;Caloundra;Australia
313;2019-12-31;2020-01-07;16351;3578,27;2171,2942;2171,2942;East Brisbane;Australia
313;2019-12-31;2020-01-07;16351;3578,27;2171,2942;2171,2942;Gold Coast;Australia
313;2019-12-31;2020-01-07;16351;3578,27;2171,2942;2171,2942;Hawthorne;Australia
313;2019-12-31;2020-01-07;16351;3578,27;2171,2942;2171,2942;Hervey Bay;Australia
313;2019-12-31;2020-01-07;16351;3578,27;2171,2942;2171,2942;Rockhampton;Australia
313;2019-12-31;2020-01-07;16351;3578,27;2171,2942;2171,2942;Townsville;Australia
313;2019-12-31;2020-01-07;16351;3578,27;2171,2942;2171,2942;Cloverdale;Australia
313;2019-12-31;2020-01-07;16351;3578,27;2171,2942;2171,2942;Findon;Australia
313;2019-12-31;2020-01-07;16351;3578,27;2171,2942;2171,2942;Perth;Australia
313;2019-12-31;2020-01-07;16351;3578,27;2171,2942;2171,2942;Hobart;Australia
313;2019-12-31;2020-01-07;16351;3578,27;2171,2942;2171,2942;Bendigo;Australia
313;2019-12-31;2020-01-07;16351;3578,27;2171,2942;2171,2942;Cranbourne;Australia
313;2019-12-31;2020-01-07;16351;3578,27;2171,2942;2171,2942;Geelong;Australia
313;2019-12-31;2020-01-07;16351;3578,27;2171,2942;2171,2942;Melbourne;Australia
313;2019-12-31;2020-01-07;16351;3578,27;2171,2942;2171,2942;Melton;Australia
313;2019-12-31;2020-01-07;16351;3578,27;2171,2942;2171,2942;Seaford;Australia
313;2019-12-31;2020-01-07;16351;3578,27;2171,2942;2171,2942;South Melbourne;Australia
313;2019-12-31;2020-01-07;16351;3578,27;2171,2942;2171,2942;Sunbury;Australia
313;2019-12-31;2020-01-07;16351;3578,27;2171,2942;2171,2942;Warrnambool;Australia
314;2019-12-31;2020-01-07;16517;3578,27;2171,2942;2171,2942;Alexandria;Australia
314;2019-12-31;2020-01-07;16517;3578,27;2171,2942;2171,2942;Coffs Harbour;Australia
314;2019-12-31;2020-01-07;16517;3578,27;2171,2942;2171,2942;Darlinghurst;Australia
314;2019-12-31;2020-01-07;16517;3578,27;2171,2942;2171,2942;Goulburn;Australia
314;2019-12-31;2020-01-07;16517;3578,27;2171,2942;2171,2942;Lane Cove;Australia
314;2019-12-31;2020-01-07;16517;3578,27;2171,2942;2171,2942;Lavender Bay;Australia
314;2019-12-31;2020-01-07;16517;3578,27;2171,2942;2171,2942;Malabar;Australia
314;2019-12-31;2020-01-07;16517;3578,27;2171,2942;2171,2942;Matraville;Australia
314;2019-12-31;2020-01-07;16517;3578,27;2171,2942;2171,2942;Milsons Point;Australia
314;2019-12-31;2020-01-07;16517;3578,27;2171,2942;2171,2942;Newcastle;Australia
314;2019-12-31;2020-01-07;16517;3578,27;2171,2942;2171,2942;North Ryde;Australia
314;2019-12-31;2020-01-07;16517;3578,27;2171,2942;2171,2942;North Sydney;Australia
314;2019-12-31;2020-01-07;16517;3578,27;2171,2942;2171,2942;Port Macquarie;Australia
314;2019-12-31;2020-01-07;16517;3578,27;2171,2942;2171,2942;Rhodes;Australia
314;2019-12-31;2020-01-07;16517;3578,27;2171,2942;2171,2942;Silverwater;Australia
314;2019-12-31;2020-01-07;16517;3578,27;2171,2942;2171,2942;Springwood;Australia
314;2019-12-31;2020-01-07;16517;3578,27;2171,2942;2171,2942;St. Leonards;Australia
314;2019-12-31;2020-01-07;16517;3578,27;2171,2942;2171,2942;Sydney;Australia
314;2019-12-31;2020-01-07;16517;3578,27;2171,2942;2171,2942;Wollongong;Australia
314;2019-12-31;2020-01-07;16517;3578,27;2171,2942;2171,2942;Brisbane;Australia
314;2019-12-31;2020-01-07;16517;3578,27;2171,2942;2171,2942;Caloundra;Australia
314;2019-12-31;2020-01-07;16517;3578,27;2171,2942;2171,2942;East Brisbane;Australia
314;2019-12-31;2020-01-07;16517;3578,27;2171,2942;2171,2942;Gold Coast;Australia
314;2019-12-31;2020-01-07;16517;3578,27;2171,2942;2171,2942;Hawthorne;Australia
314;2019-12-31;2020-01-07;16517;3578,27;2171,2942;2171,2942;Hervey Bay;Australia
314;2019-12-31;2020-01-07;16517;3578,27;2171,2942;2171,2942;Rockhampton;Australia
314;2019-12-31;2020-01-07;16517;3578,27;2171,2942;2171,2942;Townsville;Australia
314;2019-12-31;2020-01-07;16517;3578,27;2171,2942;2171,2942;Cloverdale;Australia
314;2019-12-31;2020-01-07;16517;3578,27;2171,2942;2171,2942;Findon;Australia
314;2019-12-31;2020-01-07;16517;3578,27;2171,2942;2171,2942;Perth;Australia
314;2019-12-31;2020-01-07;16517;3578,27;2171,2942;2171,2942;Hobart;Australia
314;2019-12-31;2020-01-07;16517;3578,27;2171,2942;2171,2942;Bendigo;Australia
314;2019-12-31;2020-01-07;16517;3578,27;2171,2942;2171,2942;Cranbourne;Australia
314;2019-12-31;2020-01-07;16517;3578,27;2171,2942;2171,2942;Geelong;Australia
314;2019-12-31;2020-01-07;16517;3578,27;2171,2942;2171,2942;Melbourne;Australia
